pool,w,branch,n_ticks_median,n_ticks_p5,mass_frac_median,beta_median,beta_iqr
1bp_USDC_USDT,0.02,above,47.0,35.0,0.9723262602936186,85.17590030204217,26.351788804688553
1bp_USDC_USDT,0.02,below,43.0,36.0,0.995825757988168,-85.0797665452523,23.969100984211835
1bp_USDC_USDT,0.05,above,49.0,37.0,0.9937643763241537,80.7144693485134,23.833016742250244
1bp_USDC_USDT,0.05,below,44.0,36.0,0.9987089099832088,-90.17708320214315,38.22373619153485
1bp_USDC_USDT,0.1,above,52.0,40.0,0.9939728105197356,43.79805781497251,2.8874288779824937
1bp_USDC_USDT,0.1,below,49.0,41.0,0.9996752032946286,-30.697670444003748,8.549188588717577
1bp_USDC_USDT,0.15,above,53.0,42.0,0.9941674016604236,23.489598823752722,2.8084425911180055
1bp_USDC_USDT,0.15,below,49.0,41.0,0.9998186573679585,-24.891161516071403,10.637111043499416
1bp_USDC_USDT,0.22,above,53.0,42.0,0.9944316932457135,12.377884939186641,1.836955942190059
1bp_USDC_USDT,0.22,below,49.0,41.0,0.9998660634176801,-15.683749780068622,19.096503957995896
1bp_USDC_USDT,0.35,above,53.0,42.0,0.9948986409112283,5.677321156013212,0.8926159967920473
1bp_USDC_USDT,0.35,below,49.0,41.0,0.999958769636605,-6.4527640252961245,24.085107568652088
1bp_USDC_USDT,0.5,above,53.0,42.0,0.9954010307342863,3.2465796440221655,0.4786521476782539
1bp_USDC_USDT,0.5,below,49.0,42.0,1.0,-4.749101445675477,24.82034986280352
1bp_WETH_USDC,0.02,above,6.0,2.0,0.06760909934723784,0.7598526110367819,2.7138591612977025
1bp_WETH_USDC,0.02,below,7.0,2.0,0.08445868718974398,0.3637314361647462,3.5499124736254704
1bp_WETH_USDC,0.05,above,14.0,6.0,0.16417948862991533,1.3084353001517728,4.296723917677851
1bp_WETH_USDC,0.05,below,15.0,6.0,0.20440787192712082,-1.0216664059475415,3.891069208154258
1bp_WETH_USDC,0.1,above,27.0,11.0,0.3044255074914849,2.0157801247398894,4.160206327945963
1bp_WETH_USDC,0.1,below,30.0,15.0,0.37436511846480114,-1.915643526056363,3.492206695288826
1bp_WETH_USDC,0.15,above,38.0,16.0,0.41810923804626493,2.0811811914703444,4.410789975028342
1bp_WETH_USDC,0.15,below,43.0,25.0,0.49897324600226883,-2.0953984468059565,2.6676691922187716
1bp_WETH_USDC,0.22,above,54.0,25.0,0.5354280279213784,2.254548672206513,4.343572269994423
1bp_WETH_USDC,0.22,below,59.0,40.0,0.654480157551546,-2.33018886843564,2.230322314702062
1bp_WETH_USDC,0.35,above,79.0,32.0,0.6922076817344212,2.6081866235761746,3.0815650079854398
1bp_WETH_USDC,0.35,below,85.0,64.0,0.8229853082417727,-2.085137364250297,1.818904531727844
1bp_WETH_USDC,0.5,above,101.0,36.0,0.8151215268172436,2.34680166003979,1.6996807071478393
1bp_WETH_USDC,0.5,below,112.0,86.0,0.9276894837745964,-1.8245603200367906,1.382805911727175
1bp_WETH_USDT,0.02,above,9.0,4.0,0.07217371688863372,0.7276573203316178,3.070538833949335
1bp_WETH_USDT,0.02,below,10.0,3.0,0.09409038510241285,-0.37959005193431233,3.485732172300925
1bp_WETH_USDT,0.05,above,22.0,9.0,0.18827760851787198,1.2937873858992661,3.1546988086214998
1bp_WETH_USDT,0.05,below,22.0,8.0,0.22005702930983873,-1.1920155381339852,3.506559224122538
1bp_WETH_USDT,0.1,above,43.0,18.0,0.3462514524096825,2.010108719886465,3.395111694332038
1bp_WETH_USDT,0.1,below,42.0,19.0,0.38511292168783323,-2.233054607147333,3.2951653295020695
1bp_WETH_USDT,0.15,above,63.0,27.0,0.4837106183769351,2.4813998375967654,3.299780764301846
1bp_WETH_USDT,0.15,below,58.0,25.0,0.5048463318485592,-2.614502004059463,3.529387708126305
1bp_WETH_USDT,0.22,above,87.0,40.0,0.64770243937212,2.651289228572791,3.122897122928112
1bp_WETH_USDT,0.22,below,80.0,31.0,0.6204056363072581,-2.5393764922682913,2.9323825119546374
1bp_WETH_USDT,0.35,above,121.0,59.0,0.8153415874036279,2.898668883037558,3.7577279956133482
1bp_WETH_USDT,0.35,below,107.0,41.0,0.7653225850800269,-2.6000453076187804,1.76553539085509
1bp_WETH_USDT,0.5,above,150.0,66.0,0.9371249101813149,2.5403490117684497,3.6703538427770046
1bp_WETH_USDT,0.5,below,129.0,46.0,0.866151117965217,-2.3129510925800476,1.4068598518427466
30bp_WBTC_USDT,0.02,above,3.0,2.0,0.11720681547264263,0.8450662712321511,2.6126459014816765
30bp_WBTC_USDT,0.02,below,3.0,2.0,0.05355768405229283,0.6087933061135242,3.513627350934902
30bp_WBTC_USDT,0.05,above,8.0,6.0,0.2853108193087428,1.2368002970318526,9.252921792300523
30bp_WBTC_USDT,0.05,below,8.0,5.0,0.12285997581607604,-1.4769882555454399,8.314617343417131
30bp_WBTC_USDT,0.1,above,16.0,13.0,0.5450825986587904,3.0246354554308867,9.308246439266199
30bp_WBTC_USDT,0.1,below,15.0,11.0,0.17500662124170638,-3.5316879801213688,9.21480006734219
30bp_WBTC_USDT,0.15,above,23.0,18.0,0.6794668425272863,5.386278434687003,8.468544243940816
30bp_WBTC_USDT,0.15,below,22.0,17.0,0.21701111068147677,-4.932674791032992,6.003144727267047
30bp_WBTC_USDT,0.22,above,31.0,23.0,0.8281183445815484,4.897811765621489,8.263437854961758
30bp_WBTC_USDT,0.22,below,31.0,23.0,0.2677962583773386,-5.1258659914466085,5.676501664025883
30bp_WBTC_USDT,0.35,above,41.0,27.0,0.9416465323437113,5.301562457494317,6.3200963396733005
30bp_WBTC_USDT,0.35,below,42.0,32.0,0.3125183583665657,-3.9904009047113216,3.770325929805605
30bp_WBTC_USDT,0.5,above,45.0,31.0,0.9626502996670472,5.309001863463196,2.148570729674323
30bp_WBTC_USDT,0.5,below,53.0,40.0,0.38357151573559295,-1.8189814769321826,3.683119098229026
30bp_WBTC_WETH,0.02,above,3.0,3.0,0.14380507249923152,2.5833692189176465,5.436086551826009
30bp_WBTC_WETH,0.02,below,3.0,3.0,0.009910316091076416,1.2200706579418048,3.8419203496964727
30bp_WBTC_WETH,0.05,above,8.0,8.0,0.3237398143196125,4.646039144114871,5.49723125248613
30bp_WBTC_WETH,0.05,below,8.0,8.0,0.026370860948869673,0.3901677273465045,4.90587360821565
30bp_WBTC_WETH,0.1,above,17.0,16.0,0.5235799008766344,5.749657697453444,6.195489943015769
30bp_WBTC_WETH,0.1,below,17.0,16.0,0.05059713851608519,-1.0803408078816306,5.497654966025198
30bp_WBTC_WETH,0.15,above,25.0,24.0,0.6443227341264149,5.547340772982764,4.776934102397199
30bp_WBTC_WETH,0.15,below,25.0,25.0,0.07265970748091943,-0.8534113618897339,3.7573965636859707
30bp_WBTC_WETH,0.22,above,36.0,32.0,0.7522220368637313,5.015573971069102,3.052646308209871
30bp_WBTC_WETH,0.22,below,37.0,36.0,0.10387320097338364,-0.6282522716034553,3.187897258105367
30bp_WBTC_WETH,0.35,above,57.0,44.0,0.850408623050479,4.484472555517653,1.4424847693809055
30bp_WBTC_WETH,0.35,below,58.0,57.0,0.18747496830502589,0.07866892676831025,2.2913988063215394
30bp_WBTC_WETH,0.5,above,77.0,50.0,0.900925533046642,3.9086528281905966,1.235724857081046
30bp_WBTC_WETH,0.5,below,82.0,81.0,0.28532821382136725,0.9037736937368837,0.9610721485910201
30bp_WETH_USDC,0.02,above,3.0,3.0,0.06230681237336432,0.6803316412520218,1.4461328099536843
30bp_WETH_USDC,0.02,below,3.0,3.0,0.06006070057252826,0.4268816701789145,1.1739782414733837
30bp_WETH_USDC,0.05,above,8.0,8.0,0.1515529030285182,0.8140104173979176,2.3483945197545024
30bp_WETH_USDC,0.05,below,8.0,8.0,0.14674265702923284,-0.26645952971230485,2.264880255420277
30bp_WETH_USDC,0.1,above,17.0,16.0,0.28373221786725206,1.1499142786831318,2.5157205157538662
30bp_WETH_USDC,0.1,below,17.0,16.0,0.2632362566123379,-0.8702995412256075,3.4056756598153393
30bp_WETH_USDC,0.15,above,25.0,25.0,0.41050181310265643,1.7956440452241622,2.4298858388272846
30bp_WETH_USDC,0.15,below,25.0,25.0,0.35355644987410717,-1.6560320922323135,3.873978677145408
30bp_WETH_USDC,0.22,above,37.0,36.0,0.5556931944481637,2.1601599744541167,2.238109001729897
30bp_WETH_USDC,0.22,below,37.0,36.0,0.4362428188706379,-1.7673927262089164,3.180655302691408
30bp_WETH_USDC,0.35,above,58.0,58.0,0.7421636807073678,2.3547633932013374,2.1134275288674873
30bp_WETH_USDC,0.35,below,58.0,58.0,0.5432678386384171,-1.7293307377851308,1.7475670382344606
30bp_WETH_USDC,0.5,above,83.0,83.0,0.869434978663545,2.3557782396732088,1.3514493904451816
30bp_WETH_USDC,0.5,below,83.0,83.0,0.6260547482285155,-1.3900069800850836,0.9631283113956621
30bp_WETH_USDT,0.02,above,3.0,3.0,0.07034485559834283,1.1298735608908343,6.498322884395212
30bp_WETH_USDT,0.02,below,3.0,3.0,0.09203673803093214,-0.6665598946919322,7.412159541168719
30bp_WETH_USDT,0.05,above,8.0,8.0,0.1653495731958748,1.8263463431184699,5.352529283099166
30bp_WETH_USDT,0.05,below,8.0,8.0,0.2062622827796813,-2.9167436691942803,5.78124863086239
30bp_WETH_USDT,0.1,above,17.0,16.0,0.2991679821781329,1.984002454437484,4.502511991815486
30bp_WETH_USDT,0.1,below,17.0,16.0,0.34906285564420314,-3.497636393663345,3.6997101535009644
30bp_WETH_USDT,0.15,above,25.0,25.0,0.43429666448711823,2.3021955791332793,4.284201323976727
30bp_WETH_USDT,0.15,below,25.0,25.0,0.4404779162192603,-3.5493431340353556,3.041168649165024
30bp_WETH_USDT,0.22,above,37.0,36.0,0.5761153987023746,2.6470528465528784,3.410608988399347
30bp_WETH_USDT,0.22,below,37.0,36.0,0.5317974924152346,-3.3540217200346456,2.3316109166352295
30bp_WETH_USDT,0.35,above,58.0,58.0,0.747073165693507,2.7123874463881035,1.9521803648888385
30bp_WETH_USDT,0.35,below,58.0,58.0,0.6372480834790514,-2.631744217957213,1.5416791452274403
30bp_WETH_USDT,0.5,above,83.0,83.0,0.9185104921138304,2.330436602194749,1.9961494882815467
30bp_WETH_USDT,0.5,below,83.0,83.0,0.713838683130404,-2.1054071934559384,0.9714729669696269
5bp_WBTC_USDT,0.02,above,6.0,1.0,0.09843643582462307,1.209660861869489,7.927929935342819
5bp_WBTC_USDT,0.02,below,6.0,1.0,0.1377183277783843,-1.0342866996651978,9.400580024719366
5bp_WBTC_USDT,0.05,above,14.0,3.0,0.24827210830138813,2.1036561994221,6.157556356681721
5bp_WBTC_USDT,0.05,below,13.0,3.0,0.3155466402512037,-3.1268927514379876,8.505649475404248
5bp_WBTC_USDT,0.1,above,25.0,7.0,0.466401100883596,2.5779349353038725,6.1425439294870925
5bp_WBTC_USDT,0.1,below,21.0,4.0,0.5131460596984578,-4.073763657163749,5.604699195532499
5bp_WBTC_USDT,0.15,above,32.0,10.0,0.5937389572956185,3.640697265490131,5.980413920910366
5bp_WBTC_USDT,0.15,below,28.0,6.0,0.6472768882308281,-3.9708852187886907,5.094903803576516
5bp_WBTC_USDT,0.22,above,39.0,10.0,0.7694995968916978,3.7427612232544574,5.867177681219053
5bp_WBTC_USDT,0.22,below,35.0,8.0,0.779178339453141,-3.5337430291253034,3.6299069117602745
5bp_WBTC_USDT,0.35,above,44.0,10.0,0.9308267892314697,3.3937702030289234,3.4809901399716208
5bp_WBTC_USDT,0.35,below,43.0,9.0,0.9255820227336136,-2.7171806422429454,3.4051585359316148
5bp_WBTC_USDT,0.5,above,45.0,10.0,0.9952936480329219,3.3154889575435327,2.445121682758982
5bp_WBTC_USDT,0.5,below,48.0,9.0,0.9850959099194329,-3.1477442719523916,3.8913445090532326
5bp_WBTC_WETH,0.02,above,8.0,3.0,0.18386715232475395,3.8346310550522067,11.533863418118662
5bp_WBTC_WETH,0.02,below,8.0,3.0,0.038762347046474806,0.41104387227084227,7.124597297266304
5bp_WBTC_WETH,0.05,above,18.0,9.0,0.37743910577857887,6.505696092187949,9.127802128484447
5bp_WBTC_WETH,0.05,below,18.0,8.0,0.0887356697419548,-2.2202587934772446,7.275578453948834
5bp_WBTC_WETH,0.1,above,31.0,19.0,0.6102186362701859,5.912183022663144,7.701585489658704
5bp_WBTC_WETH,0.1,below,35.0,20.0,0.1416320946570415,-3.6724468627937648,6.0035047271286315
5bp_WBTC_WETH,0.15,above,41.0,27.0,0.7352408377456908,6.399956918663552,7.6385937001448925
5bp_WBTC_WETH,0.15,below,51.0,33.0,0.1772992023027227,-3.689543678143605,5.438394477068048
5bp_WBTC_WETH,0.22,above,52.0,33.0,0.8537988427168435,6.295357020480976,6.0112694524701595
5bp_WBTC_WETH,0.22,below,72.0,46.0,0.20704210098932924,-3.874503118677033,4.407427794803107
5bp_WBTC_WETH,0.35,above,66.0,37.0,0.9481587296091402,6.0438563662418545,4.19740659894734
5bp_WBTC_WETH,0.35,below,103.0,70.0,0.25826348375131847,-1.8944674234254868,3.291398868734142
5bp_WBTC_WETH,0.5,above,77.0,39.0,0.9665164314920303,5.59868439096452,2.8488350408976384
5bp_WBTC_WETH,0.5,below,137.0,97.0,0.3497388453726647,-0.42843135798586096,2.4068185995421474
5bp_WETH_USDC,0.02,above,19.0,14.0,0.06309619507341252,0.7677151590361924,3.3876901281874687
5bp_WETH_USDC,0.02,below,19.0,14.0,0.023851023303684476,-0.06386728118525115,4.477228695427367
5bp_WETH_USDC,0.05,above,47.0,33.0,0.15513879241046985,1.1763671264629925,3.5182002063603526
5bp_WETH_USDC,0.05,below,47.0,36.0,0.0570556667891854,-1.294286307442389,5.1259319105327545
5bp_WETH_USDC,0.1,above,95.0,66.0,0.30820581964685767,1.3936120767096085,3.52827822356897
5bp_WETH_USDC,0.1,below,95.0,74.0,0.10688557611241108,-2.32816667624036,4.533665781080511
5bp_WETH_USDC,0.15,above,141.0,98.0,0.4408377926018353,1.6187396320462177,3.861122188963553
5bp_WETH_USDC,0.15,below,142.0,117.0,0.15702049569957968,-2.2614011416872843,3.4479299913247727
5bp_WETH_USDC,0.22,above,205.0,132.0,0.568849653186017,2.2915194502784155,3.750255311174364
5bp_WETH_USDC,0.22,below,205.0,176.0,0.26101235287028784,-2.1119462590964284,3.306641701280331
5bp_WETH_USDC,0.35,above,310.0,167.0,0.7243438935561288,2.8327277613108306,2.657078158995416
5bp_WETH_USDC,0.35,below,321.0,269.0,0.40384397037947023,-1.287758977337445,4.119669816825719
5bp_WETH_USDC,0.5,above,400.0,184.0,0.8809109417793389,2.5514559126649776,2.035614870807841
5bp_WETH_USDC,0.5,below,455.0,347.0,0.6968558524990636,-0.8741520887156811,2.625823738640832
5bp_WETH_USDT,0.02,above,8.0,5.0,0.06427966412118842,0.6692808719397161,1.4875480418306712
5bp_WETH_USDT,0.02,below,9.0,5.0,0.0792836363290487,0.11109447428095712,2.812491872052375
5bp_WETH_USDT,0.05,above,20.0,12.0,0.15616003434179598,0.7453007020524963,2.4746066152175645
5bp_WETH_USDT,0.05,below,21.0,13.0,0.18242808372529623,-0.7266647647098272,3.7058215035809066
5bp_WETH_USDT,0.1,above,40.0,25.0,0.29581861174646,1.2559116700744493,3.2038922457325434
5bp_WETH_USDT,0.1,below,42.0,27.0,0.32264605711265826,-1.6335181912232704,5.622038105004599
5bp_WETH_USDT,0.15,above,60.0,40.0,0.4231243887857734,1.871803747891411,3.5170169045578845
5bp_WETH_USDT,0.15,below,62.0,40.0,0.41547461462088386,-2.5874885298863726,4.967114007564612
5bp_WETH_USDT,0.22,above,85.0,50.0,0.5626677130801864,2.446926807197537,2.9179794136931374
5bp_WETH_USDT,0.22,below,87.0,53.0,0.4994993941883967,-2.7630417984187274,3.6305723450321614
5bp_WETH_USDT,0.35,above,132.0,60.0,0.7731605801299816,2.466363877182643,2.361097395535758
5bp_WETH_USDT,0.35,below,129.0,68.0,0.6390367514667544,-2.2662269437091234,2.0207873308082256
5bp_WETH_USDT,0.5,above,173.0,64.0,0.9056301290955572,2.1551530751680024,2.3040819635780423
5bp_WETH_USDT,0.5,below,171.0,89.0,0.7399637010361692,-1.5422489397859662,1.538719623401045
