pool,x_centre,slope_median,slope_q25,slope_q75,n_blocks_fitted
5bp_WETH_USDC,-0.5,-0.8152431257310162,-1.4310171787923636,0.2744506246240329,1641
5bp_WETH_USDC,-0.49,-0.8587056622613226,-1.4442454384384067,0.5487301170434954,1641
5bp_WETH_USDC,-0.48,-0.8506065556297122,-1.4411576421370367,0.6719160836040072,1641
5bp_WETH_USDC,-0.47,-0.8509024534388063,-1.4331202224556792,0.6478896199260576,1641
5bp_WETH_USDC,-0.46,-0.855969471438576,-1.4264046530479109,0.756968091178502,1641
5bp_WETH_USDC,-0.45,-0.8494127177785724,-1.4433936619341154,1.1164395713262818,1641
5bp_WETH_USDC,-0.44,-0.9785810789027558,-1.4677661456104436,1.4225287628404988,1641
5bp_WETH_USDC,-0.43,-1.0387434431501914,-1.483969289731346,0.8434413640405881,1641
5bp_WETH_USDC,-0.42,-1.073215777761096,-1.5054504224876708,0.8369892615240961,1641
5bp_WETH_USDC,-0.41,-1.0489089647019116,-1.5002827851755514,1.2630609320637944,1641
5bp_WETH_USDC,-0.4,-1.0280692833656286,-1.5004234048610159,0.8912935682213942,1641
5bp_WETH_USDC,-0.39,-1.0237469205798035,-1.5058004601457926,0.9152172508157643,1641
5bp_WETH_USDC,-0.38,-0.9462428620542299,-1.5109811326487235,0.8786136930666166,1641
5bp_WETH_USDC,-0.37,-0.8787060784903811,-1.4800284419661305,0.8548710548172792,1641
5bp_WETH_USDC,-0.36,-0.7725868584943053,-1.4525579057610216,1.1705481604759178,1641
5bp_WETH_USDC,-0.35,-0.7421432200888195,-1.4434090969129365,1.5658947061575987,1641
5bp_WETH_USDC,-0.34,-0.6884215756104756,-1.4239914922400356,1.8518971433204705,1641
5bp_WETH_USDC,-0.33,-0.667237171983235,-1.3722441696083632,1.952356512437449,1641
5bp_WETH_USDC,-0.32,-0.510070962808433,-1.3712435374084515,2.182350802730345,1641
5bp_WETH_USDC,-0.31,-0.36139810065837896,-1.3695078037251736,3.0084758321806486,1641
5bp_WETH_USDC,-0.3,-0.01766546927943002,-1.2857548341140395,4.503825244176594,1641
5bp_WETH_USDC,-0.29,0.09843057340336535,-1.2744993803862192,5.183008036854461,1641
5bp_WETH_USDC,-0.28,0.26687342108963885,-1.2517834692176009,5.46044296423235,1641
5bp_WETH_USDC,-0.27,0.3885462265347058,-1.253196079078927,5.325294475168824,1641
5bp_WETH_USDC,-0.26,0.3475467340705517,-1.3584799884965943,5.6307652768841,1641
5bp_WETH_USDC,-0.25,0.2590115304010402,-1.2858231617931821,5.480775473841426,1641
5bp_WETH_USDC,-0.24,0.34292405306037593,-1.2961543892253304,5.317008722267693,1641
5bp_WETH_USDC,-0.23,0.11687824996145438,-1.3113867124479022,5.238613300088217,1641
5bp_WETH_USDC,-0.22,0.04763320121281576,-1.3432140344554901,5.256637242222878,1641
5bp_WETH_USDC,-0.21,0.0755822470649011,-1.391965834892961,4.571028415191577,1641
5bp_WETH_USDC,-0.2,0.16299945311691208,-1.3455278882791375,5.003896766472602,1641
5bp_WETH_USDC,-0.19,0.2933519843084506,-1.3396120973427188,4.953285535519731,1641
5bp_WETH_USDC,-0.18,0.40882782742095203,-1.1430488888533727,4.858080644770425,1641
5bp_WETH_USDC,-0.17,0.5145800495317165,-1.1573486354363278,5.690427064623736,1641
5bp_WETH_USDC,-0.16,0.7127837532518443,-1.052859801489849,5.61139023967032,1641
5bp_WETH_USDC,-0.15,0.7319913241891773,-1.081632253829682,6.174408745997629,1641
5bp_WETH_USDC,-0.14,0.8011602156154451,-1.0479093920735314,5.335616274727363,1641
5bp_WETH_USDC,-0.13,0.9238514973250239,-1.0191657127436822,6.045104878950552,1641
5bp_WETH_USDC,-0.12,0.9050010997440247,-1.0799923096874255,6.3497268501085,1641
5bp_WETH_USDC,-0.11,0.9826274382488225,-1.0121335860132306,6.461083466406577,1641
5bp_WETH_USDC,-0.1,1.5039307431475146,-0.7606394572401846,6.83330908416102,1641
5bp_WETH_USDC,-0.09,1.8083728778524033,-0.6167412757127744,7.367016879647254,1641
5bp_WETH_USDC,-0.08,1.9464268397328284,-0.44557954717362136,7.730768435557648,1641
5bp_WETH_USDC,-0.07,2.196492966993074,-0.6946028765960196,8.419343492417504,1641
5bp_WETH_USDC,-0.06,2.3533183013427315,-0.7926773200268072,9.243988372694053,1641
5bp_WETH_USDC,-0.05,2.421583951525415,-0.8225918728075096,10.560604390558403,1641
5bp_WETH_USDC,-0.04,2.4460672834354207,-0.8896014247198719,10.217599008989557,1641
5bp_WETH_USDC,-0.03,2.0945575992631857,-1.0728645011957791,8.868148473267432,1641
5bp_WETH_USDC,-0.02,1.5953667793726436,-1.3879445756240085,8.953326959015294,1641
5bp_WETH_USDC,-0.01,1.167773786973404,-2.2117404076747427,7.946663351339905,1641
5bp_WETH_USDC,0.0,-0.23456704792733601,-3.669765924536142,5.779045717809941,1641
5bp_WETH_USDC,0.01,-1.5235595089587453,-5.490210872174063,2.4903059427082455,1641
5bp_WETH_USDC,0.02,-2.153948572429091,-6.291006484282089,0.703110595007238,1641
5bp_WETH_USDC,0.03,-2.1761192044410422,-6.245605729047156,0.137435172202123,1641
5bp_WETH_USDC,0.04,-2.2515403166286334,-6.048013942542611,0.05531395442313739,1641
5bp_WETH_USDC,0.05,-2.1751370073288046,-6.15940958302092,0.11673616964092329,1641
5bp_WETH_USDC,0.06,-2.371977255930799,-6.196727139704397,-0.09078625956632003,1641
5bp_WETH_USDC,0.07,-2.478673873843304,-6.30605154096722,-0.40373811612705024,1641
5bp_WETH_USDC,0.08,-2.628711880386253,-6.977847014726248,-0.700797098655597,1641
5bp_WETH_USDC,0.09,-2.794865599137147,-7.318905740413548,-0.7143414986546144,1641
5bp_WETH_USDC,0.1,-3.1902152097553196,-8.636874652269057,-1.2490408882532724,1641
5bp_WETH_USDC,0.11,-3.4087503166816697,-9.72527073646236,-1.1978612588070179,1641
5bp_WETH_USDC,0.12,-3.6932752136433544,-9.542182394790213,-1.0973185433762616,1641
5bp_WETH_USDC,0.13,-4.055332653742856,-8.844540059205432,-1.256375825545536,1641
5bp_WETH_USDC,0.14,-3.9368940781300656,-8.633315841458982,-1.2664036798171847,1641
5bp_WETH_USDC,0.15,-3.5677275042986585,-8.375044512305756,-0.868571752229582,1641
5bp_WETH_USDC,0.16,-3.018414961496931,-8.092485997883983,-0.7123343525262814,1641
5bp_WETH_USDC,0.17,-2.9384387273797032,-8.731717674980677,-0.7118331639846691,1641
5bp_WETH_USDC,0.18,-3.5258108671482433,-10.103749215436329,-1.1592978674691614,1641
5bp_WETH_USDC,0.19,-4.205029244317201,-10.727558155383834,-1.3058060701852043,1641
5bp_WETH_USDC,0.2,-4.217359798487582,-9.962303779600148,-1.3796721854668463,1641
5bp_WETH_USDC,0.21,-4.010319639141892,-8.427567713300553,-1.3833010296114858,1641
5bp_WETH_USDC,0.22,-3.9352479699223513,-8.057633456625622,-1.4175236477301503,1641
5bp_WETH_USDC,0.23,-3.3590763181971006,-7.7174982712724045,-1.3031386880386462,1641
5bp_WETH_USDC,0.24,-3.224018283101503,-7.261777862373827,-1.1347496503155003,1641
5bp_WETH_USDC,0.25,-3.1409234541323,-7.114535677394184,-1.2328393620457827,1641
5bp_WETH_USDC,0.26,-3.0858897384290467,-6.817490766118439,-1.1397930536196417,1641
5bp_WETH_USDC,0.27,-2.9757817091388903,-7.117087848884656,-1.2410174511763663,1641
5bp_WETH_USDC,0.28,-2.8725227053839304,-7.0184533242296245,-1.3480420673863562,1641
5bp_WETH_USDC,0.29,-2.8241936540869426,-6.737273192652541,-1.3301876938204653,1641
5bp_WETH_USDC,0.3,-2.8041748159640654,-6.917897070626147,-1.323355282814843,1641
5bp_WETH_USDC,0.31,-2.857891475039209,-6.910436450559318,-1.196159490116938,1641
5bp_WETH_USDC,0.32,-2.8867466179170034,-6.591822772487199,-1.054978548823885,1641
5bp_WETH_USDC,0.33,-2.644338760317585,-6.3917115918694325,-0.9620815207585132,1640
5bp_WETH_USDC,0.34,-2.5932321307917587,-5.813968988244662,-0.7287711365828378,1641
5bp_WETH_USDC,0.35,-2.3529711772115873,-5.666581764861875,-0.2113570427198436,1641
5bp_WETH_USDC,0.36,-2.406737560817099,-5.96709524138282,0.025812987925980614,1641
5bp_WETH_USDC,0.37,-2.4732681840837136,-5.979363658168913,-0.22956003819970142,1638
5bp_WETH_USDC,0.38,-2.422165995270187,-5.744313803941756,-0.39034662235341827,1640
5bp_WETH_USDC,0.39,-2.4570838691783714,-6.637388846933801,-0.7019440115869863,1637
5bp_WETH_USDC,0.4,-2.6026174239650555,-7.1180440603943325,-0.9617536030566654,1637
5bp_WETH_USDC,0.41,-2.7807025548842765,-7.432802405786666,-1.0131131791477075,1634
5bp_WETH_USDC,0.42,-2.7806662471315553,-7.359295174431382,-0.8102764526192396,1628
5bp_WETH_USDC,0.43,-2.9570517198846606,-7.486334629306447,-1.0324080129355804,1623
5bp_WETH_USDC,0.44,-3.0284312206063344,-9.022185294770882,-1.1716408712414557,1624
5bp_WETH_USDC,0.45,-3.0089893605469094,-9.015482779219035,-1.3585323124610915,1605
5bp_WETH_USDC,0.46,-3.6082722048389284,-8.925829223924866,-1.5040633800917758,1606
5bp_WETH_USDC,0.47,-3.7927223632556086,-9.543742893604001,-1.5247340890823078,1603
5bp_WETH_USDC,0.48,-3.815801315845704,-10.112737026286714,-1.557734978392936,1605
5bp_WETH_USDC,0.49,-3.5784561789822797,-9.089318282069978,-1.6403407578475329,1608
5bp_WETH_USDC,0.5,-3.2733631257387037,-8.842202852548393,-1.5747387585219583,1598
1bp_WETH_USDC,-0.5,-0.7719724848276996,-1.4523765267885034,1.6369381208894982,1541
1bp_WETH_USDC,-0.49,-0.8859106315483831,-1.4776283253662994,0.9450131039376718,1557
1bp_WETH_USDC,-0.48,-1.1103745632240258,-1.4870141189572557,0.7667947217132224,1536
1bp_WETH_USDC,-0.47,-1.1508251804224257,-1.4877775573978154,0.8977727986601269,1540
1bp_WETH_USDC,-0.46,-1.1867694334064718,-1.489104523241972,0.8158256290030355,1531
1bp_WETH_USDC,-0.45,-1.0849496832972811,-1.4843551097798948,1.025293490032245,1505
1bp_WETH_USDC,-0.44,-1.1778786710622458,-1.4871957297678442,1.2976168222577809,1487
1bp_WETH_USDC,-0.43,-1.1662691151836324,-1.4858153487618457,1.1752958792442991,1497
1bp_WETH_USDC,-0.42,-1.1570133361981738,-1.4883354469775152,1.0992502327888676,1528
1bp_WETH_USDC,-0.41,-1.081958156810229,-1.4802084330174643,1.3810067263451935,1531
1bp_WETH_USDC,-0.4,-1.0179349574314072,-1.4530541682150597,2.29034455645321,1545
1bp_WETH_USDC,-0.39,-0.8602099150636596,-1.454693476560874,2.563328152807462,1550
1bp_WETH_USDC,-0.38,-0.593024605294101,-1.4529325186110373,2.8370310859520513,1552
1bp_WETH_USDC,-0.37,-0.36328479203364605,-1.4598544004589242,3.620875008035791,1548
1bp_WETH_USDC,-0.36,-0.008555331424844641,-1.4468144664379705,4.263408550955223,1545
1bp_WETH_USDC,-0.35,-0.004065773705040745,-1.4441892758616754,3.9835176819449085,1542
1bp_WETH_USDC,-0.34,-0.2215215413396573,-1.474061441811071,3.993733818976975,1559
1bp_WETH_USDC,-0.33,-0.34601801590125114,-1.4825529117490335,4.713398147797472,1581
1bp_WETH_USDC,-0.32,-0.22245472190293822,-1.4595534983677927,4.971912821292204,1583
1bp_WETH_USDC,-0.31,-0.2742404294605477,-1.437443424752133,4.439254152273217,1600
1bp_WETH_USDC,-0.3,0.0017437163269544995,-1.4309167222485164,4.41929638191948,1620
1bp_WETH_USDC,-0.29,0.11019632703717025,-1.4395814503867101,4.617354794277498,1623
1bp_WETH_USDC,-0.28,0.2748428556230681,-1.4208313651339766,4.860342720688896,1624
1bp_WETH_USDC,-0.27,0.06423110379797398,-1.3036871094379,4.763144811631742,1622
1bp_WETH_USDC,-0.26,0.31348002555756005,-1.3155702819759165,5.613369736992972,1624
1bp_WETH_USDC,-0.25,0.43918404071431594,-1.2864068672046178,6.08976660313358,1624
1bp_WETH_USDC,-0.24,0.7059385867331311,-1.1691674185231233,5.53701049546152,1622
1bp_WETH_USDC,-0.23,0.8114704699417572,-1.0630430759980805,5.096431911060973,1627
1bp_WETH_USDC,-0.22,0.8070203655507574,-1.026543751656576,5.381812323539167,1623
1bp_WETH_USDC,-0.21,0.9803944495800332,-0.864739801162863,5.9353444791584895,1628
1bp_WETH_USDC,-0.2,1.152499787262308,-0.8043161285086016,6.487581831584144,1618
1bp_WETH_USDC,-0.19,1.3006672496086322,-0.7187498667906553,6.854956058574315,1624
1bp_WETH_USDC,-0.18,1.0097482480540836,-0.6500333880459689,7.0508095116569,1624
1bp_WETH_USDC,-0.17,1.1446115503904124,-0.5558807304911261,6.765218893907858,1625
1bp_WETH_USDC,-0.16,1.441072237951258,-0.5247707805932396,7.239696815087947,1629
1bp_WETH_USDC,-0.15,2.2755428395193027,-0.46396916533005683,7.264939483547247,1630
1bp_WETH_USDC,-0.14,2.739829721336668,-0.3768228290834969,7.355361067758128,1632
1bp_WETH_USDC,-0.13,2.6035526536317914,-0.19127368674198783,7.574565486510997,1636
1bp_WETH_USDC,-0.12,2.9193464820306443,-0.38339642211700176,7.832584698921353,1638
1bp_WETH_USDC,-0.11,2.8241348450528565,-0.3560632141824176,8.332150204151173,1633
1bp_WETH_USDC,-0.1,2.886524439241037,-0.22865395065462824,8.747921150653331,1634
1bp_WETH_USDC,-0.09,3.0782529125911315,-0.10003367452095369,8.232313576986336,1632
1bp_WETH_USDC,-0.08,2.9657194802379943,-0.08724808154414154,7.814673355669774,1636
1bp_WETH_USDC,-0.07,2.888881132353088,-0.23582882327047777,8.119063044019132,1635
1bp_WETH_USDC,-0.06,2.8897645969626735,-0.5099043889210753,7.459625116303218,1636
1bp_WETH_USDC,-0.05,2.316078818180781,-0.7943752904777994,7.740617788458164,1634
1bp_WETH_USDC,-0.04,1.9479200461403998,-1.0088863590352295,7.494569674729918,1633
1bp_WETH_USDC,-0.03,1.9293971119564306,-1.1351263979243542,7.106247228071135,1637
1bp_WETH_USDC,-0.02,1.1488329697335133,-1.4620369055884481,6.800314521974571,1635
1bp_WETH_USDC,-0.01,-0.03192818145626405,-1.8407030461388114,5.040867602011196,1637
1bp_WETH_USDC,0.0,-1.0967639235065507,-3.420628350170675,1.9153443464306261,1637
1bp_WETH_USDC,0.01,-1.5968607492364963,-5.831679874770911,0.5152874983558442,1632
1bp_WETH_USDC,0.02,-2.3759540216638806,-8.58173359706889,-0.3874729900801754,1633
1bp_WETH_USDC,0.03,-2.6453024901279933,-8.934550226500857,-0.7641655500765787,1630
1bp_WETH_USDC,0.04,-2.892983249692181,-8.96846147949284,-1.0281529300218417,1635
1bp_WETH_USDC,0.05,-2.9766048575281054,-9.329238886902534,-1.2809551865940692,1634
1bp_WETH_USDC,0.06,-3.0224501262391783,-9.336714047781006,-1.4637463434728957,1634
1bp_WETH_USDC,0.07,-3.2853373501791796,-9.735503773673399,-1.5229219425864307,1626
1bp_WETH_USDC,0.08,-3.3389508989532724,-10.00674203023748,-1.5367590403921687,1612
1bp_WETH_USDC,0.09,-3.21378132031197,-9.791585694344764,-1.5097599379717415,1604
1bp_WETH_USDC,0.1,-2.935859229974919,-8.845300379832556,-1.4978924664810072,1622
1bp_WETH_USDC,0.11,-2.8172554090060418,-8.460219261831762,-1.497635015126544,1624
1bp_WETH_USDC,0.12,-2.876485073475361,-8.027177940162387,-1.4955180806734085,1616
1bp_WETH_USDC,0.13,-2.8064331596537047,-7.9125570884187795,-1.5016844596449173,1626
1bp_WETH_USDC,0.14,-3.019759043976003,-7.400889975644228,-1.50566119978662,1616
1bp_WETH_USDC,0.15,-3.0211731878118337,-7.622568855764849,-1.5107521980716443,1614
1bp_WETH_USDC,0.16,-2.9191409590417807,-7.4962486525869965,-1.5058884113037634,1605
1bp_WETH_USDC,0.17,-2.766321225128155,-7.304765508889125,-1.5118381119167545,1590
1bp_WETH_USDC,0.18,-2.9125127003083393,-6.825983146828639,-1.5133635638455714,1576
1bp_WETH_USDC,0.19,-2.528745002941848,-6.421075044379218,-1.477470024883289,1571
1bp_WETH_USDC,0.2,-2.3865337778147735,-5.939988142392786,-1.502909808356955,1574
1bp_WETH_USDC,0.21,-2.2910546974905746,-5.21701267864986,-1.5114981680994144,1571
1bp_WETH_USDC,0.22,-2.337115740247433,-5.27070056296464,-1.525130853892036,1572
1bp_WETH_USDC,0.23,-2.3105480968944105,-5.325221958287605,-1.5377432737942307,1550
1bp_WETH_USDC,0.24,-2.4405091711291216,-4.995217914926326,-1.50306643935083,1528
1bp_WETH_USDC,0.25,-2.2872693796268173,-4.93968220030451,-1.5055917245664003,1500
1bp_WETH_USDC,0.26,-2.336793475112181,-4.8791414257746055,-1.5201920864105303,1485
1bp_WETH_USDC,0.27,-2.4801800739848594,-5.227337172365302,-1.5366461635515245,1495
1bp_WETH_USDC,0.28,-2.6244731990633654,-5.39773921959557,-1.5454743031879246,1480
1bp_WETH_USDC,0.29,-2.579624523836766,-5.4096562901416085,-1.5656404750975137,1449
1bp_WETH_USDC,0.3,-2.5362925549595814,-4.861377522482881,-1.5641139431503484,1425
1bp_WETH_USDC,0.31,-2.5031658884050363,-4.761081460386371,-1.53494584265216,1399
1bp_WETH_USDC,0.32,-2.536055406872493,-4.769673345944087,-1.5542684716107382,1400
1bp_WETH_USDC,0.33,-2.6168640131651557,-4.952345052897945,-1.5570505501481167,1372
1bp_WETH_USDC,0.34,-2.536627946862836,-4.958058302317828,-1.5669418130945794,1366
1bp_WETH_USDC,0.35,-2.5756768035931503,-4.795276066599422,-1.5927708039913566,1359
1bp_WETH_USDC,0.36,-2.776041606296125,-5.46414034852315,-1.603706439031635,1349
1bp_WETH_USDC,0.37,-2.8947408457747934,-6.045797120537101,-1.5408180322227996,1331
1bp_WETH_USDC,0.38,-2.93783373117913,-5.8394652631599735,-1.5657795525668043,1326
1bp_WETH_USDC,0.39,-2.8867445447868594,-6.2113125336010055,-1.5725544393659732,1306
1bp_WETH_USDC,0.4,-2.858308123742229,-6.241607016451161,-1.565423848451703,1298
1bp_WETH_USDC,0.41,-3.05793198434023,-6.507927205289235,-1.5709723965555458,1260
1bp_WETH_USDC,0.42,-3.0792223443969435,-6.933044169266903,-1.5876733687542166,1237
1bp_WETH_USDC,0.43,-3.054986910393568,-6.248635743236396,-1.6019736712277333,1188
1bp_WETH_USDC,0.44,-2.7695388196537465,-5.789856005732484,-1.6159577470970894,1180
1bp_WETH_USDC,0.45,-2.4847086121747672,-5.168660607266032,-1.6051794570441942,1175
1bp_WETH_USDC,0.46,-2.396992565933571,-5.1216771510212595,-1.6084997078620176,1178
1bp_WETH_USDC,0.47,-2.3516461182846853,-5.844478751268835,-1.5736016955562249,1164
1bp_WETH_USDC,0.48,-2.340466175302602,-6.4954547062837245,-1.5210598147557588,1140
1bp_WETH_USDC,0.49,-2.265523999657061,-6.4259979466740536,-1.5041409930982477,1116
1bp_WETH_USDC,0.5,-2.0340427532458154,-5.795262480781652,-1.5020899976903817,1074
30bp_WETH_USDC,-0.5,-0.36519680846617736,-1.1793710312956391,1.4936421519957144,1641
30bp_WETH_USDC,-0.49,-0.49999818344855385,-1.2811192731598051,1.4680395446501306,1641
30bp_WETH_USDC,-0.48,-0.35184686572485724,-1.3125240136455942,1.5068844122069294,1641
30bp_WETH_USDC,-0.47,-0.3471999662170013,-1.221036118677452,1.5618106418838535,1641
30bp_WETH_USDC,-0.46,-0.19822831080164113,-1.1701737585687606,1.4850606282166683,1641
30bp_WETH_USDC,-0.45,-0.19672471335620478,-1.1627020291996772,1.4482039770566377,1641
30bp_WETH_USDC,-0.44,-0.25593236554351007,-1.208943588885914,1.3330479726957787,1641
30bp_WETH_USDC,-0.43,-0.22513911725573685,-1.1849959704426252,1.1206169856037624,1641
30bp_WETH_USDC,-0.42,-0.2650182562936043,-1.2008762343186077,1.221870152372338,1641
30bp_WETH_USDC,-0.41,-0.10981618178575397,-1.173999034724097,1.6334301241919513,1641
30bp_WETH_USDC,-0.4,0.13811693329038643,-1.1292172534189877,1.91416853224015,1641
30bp_WETH_USDC,-0.39,0.11194298121395774,-1.1479954219512347,2.130512308893729,1641
30bp_WETH_USDC,-0.38,-0.09203192509298148,-1.1530302112183792,1.9147023478469716,1641
30bp_WETH_USDC,-0.37,-0.07336209680218542,-1.1070442316402853,1.7932516815157002,1641
30bp_WETH_USDC,-0.36,0.12713691195619836,-1.0353058560157233,1.7288591696602682,1641
30bp_WETH_USDC,-0.35,0.027446109104508683,-0.9853433347321778,1.7650008652609688,1641
30bp_WETH_USDC,-0.34,0.09443862798991565,-1.0601827138671884,1.6263376031016288,1641
30bp_WETH_USDC,-0.33,0.2202766596480275,-1.0200987706112379,1.7047956779908156,1641
30bp_WETH_USDC,-0.32,0.30318871917749546,-0.9463589708999124,2.0459968343574513,1641
30bp_WETH_USDC,-0.31,0.34284123025559515,-0.9951877531564228,2.168015267811612,1641
30bp_WETH_USDC,-0.3,0.32260374234084604,-0.9464221586105347,2.178714236012064,1641
30bp_WETH_USDC,-0.29,0.2928503549215514,-0.9854357732856671,2.2894592126681546,1641
30bp_WETH_USDC,-0.28,0.1373420956303189,-0.922878814294468,2.0820535494075627,1641
30bp_WETH_USDC,-0.27,0.13912241946800827,-0.9283348504483829,2.1854455089508207,1641
30bp_WETH_USDC,-0.26,0.14235418610829936,-0.9339245493998254,2.115527981610373,1641
30bp_WETH_USDC,-0.25,0.24810401805068816,-0.866373254795113,2.3703141511485,1641
30bp_WETH_USDC,-0.24,0.29394215222793574,-0.9539955654805035,2.3070429320074854,1641
30bp_WETH_USDC,-0.23,0.27588616464967475,-0.9870965557238446,2.575954437460755,1641
30bp_WETH_USDC,-0.22,0.31313393396274186,-1.0416930282628747,2.4589582327265127,1641
30bp_WETH_USDC,-0.21,0.2778846261887033,-1.0885585829079523,2.7837629592902364,1641
30bp_WETH_USDC,-0.2,0.10285879488802967,-1.1597713619155836,2.9449861265403223,1641
30bp_WETH_USDC,-0.19,0.1181271281173607,-1.217251873839337,2.944983327178586,1641
30bp_WETH_USDC,-0.18,0.10184152055067563,-1.1906553413395355,2.648666469318952,1641
30bp_WETH_USDC,-0.17,0.13011119616524822,-1.2083118693004558,2.508575897688207,1641
30bp_WETH_USDC,-0.16,0.12633535643729574,-1.1875110547007155,2.5041294421138773,1641
30bp_WETH_USDC,-0.15,0.31081999530120874,-1.0281978022646119,3.086325997596746,1641
30bp_WETH_USDC,-0.14,0.3176300787235413,-0.9852569729256132,3.6514596324487276,1641
30bp_WETH_USDC,-0.13,0.5720461863989301,-0.8744792828814171,3.962087154382321,1641
30bp_WETH_USDC,-0.12,0.7242412725805956,-0.8316675272301356,4.499804359316292,1641
30bp_WETH_USDC,-0.11,0.8489296990476538,-0.6622706511407489,5.562912661721468,1641
30bp_WETH_USDC,-0.1,0.7085650320386078,-0.6545393572852208,5.491742649995205,1641
30bp_WETH_USDC,-0.09,0.5958012635332437,-0.6757740810235549,5.625259986675674,1641
30bp_WETH_USDC,-0.08,0.4526832900251039,-0.7663461448158022,4.041085712500996,1641
30bp_WETH_USDC,-0.07,0.6096177681991121,-0.6801544460419457,3.838603790508911,1641
30bp_WETH_USDC,-0.06,0.9521781399798662,-0.6950224229804346,4.088003086790742,1641
30bp_WETH_USDC,-0.05,1.0688240652106196,-0.6806139871104965,4.373704974367251,1641
30bp_WETH_USDC,-0.04,0.9961623052626342,-0.7563366715250344,4.505878850799467,1641
30bp_WETH_USDC,-0.03,0.42343979344175137,-0.9476453541606206,3.5704919902802303,1641
30bp_WETH_USDC,-0.02,0.02292872343986195,-1.3011024648188592,3.2176866767085754,1641
30bp_WETH_USDC,-0.01,-0.431136049885532,-1.7125213515138802,2.488032877019326,1641
30bp_WETH_USDC,0.0,-0.8612330048707989,-2.463136210904536,1.5161470640136627,1641
30bp_WETH_USDC,0.01,-1.2380184551233862,-3.3284046105970644,1.0563262931456496,1641
30bp_WETH_USDC,0.02,-1.6129581569025364,-4.139065903880826,0.4154506806415374,1641
30bp_WETH_USDC,0.03,-1.7536199461009023,-4.64827202808961,-0.23046983114047837,1641
30bp_WETH_USDC,0.04,-1.8628012316619362,-4.95870281161342,-0.46349863940827796,1641
30bp_WETH_USDC,0.05,-2.047555398349992,-5.202498910912481,-0.5770003407578315,1641
30bp_WETH_USDC,0.06,-2.3120587203328777,-5.609243593776964,-0.9828906537118757,1641
30bp_WETH_USDC,0.07,-2.4131402158541735,-5.428112157442243,-1.0374627850576301,1641
30bp_WETH_USDC,0.08,-2.6335447804438155,-6.32919158825623,-1.0838606534358814,1641
30bp_WETH_USDC,0.09,-2.6930232625595854,-6.601549886812759,-1.1377657901733713,1641
30bp_WETH_USDC,0.1,-2.8548914214239085,-7.084575737390854,-1.2038683903275755,1641
30bp_WETH_USDC,0.11,-2.7057291589109362,-7.18857294004163,-1.1407337213317783,1641
30bp_WETH_USDC,0.12,-2.676033536561212,-7.281677062552321,-1.1355671122991924,1641
30bp_WETH_USDC,0.13,-2.464213016630021,-6.38885794350934,-1.2012285231059532,1641
30bp_WETH_USDC,0.14,-2.3196428062234453,-6.06923429353741,-0.9222383370042971,1641
30bp_WETH_USDC,0.15,-2.3326683173601586,-5.920965959248236,-1.0176572010267275,1641
30bp_WETH_USDC,0.16,-2.5560061762993573,-6.264824373354411,-0.9874211839768803,1641
30bp_WETH_USDC,0.17,-2.7584968427980376,-7.340420325295836,-1.0090545971936078,1641
30bp_WETH_USDC,0.18,-2.6742687671958705,-8.11223918883721,-1.1527435336863057,1641
30bp_WETH_USDC,0.19,-2.598355110894447,-6.995945554385536,-1.1704720622603664,1641
30bp_WETH_USDC,0.2,-2.5886150157832986,-6.605551065683104,-1.2369727662121779,1641
30bp_WETH_USDC,0.21,-2.577597147652053,-6.42634701510456,-1.1468603061396414,1641
30bp_WETH_USDC,0.22,-2.4982653482198613,-6.311439718448447,-0.9763745913761035,1641
30bp_WETH_USDC,0.23,-2.4522083500389216,-5.7931327630420135,-0.9239145103097234,1641
30bp_WETH_USDC,0.24,-2.4946642952555678,-5.399034428171917,-1.100801295493696,1641
30bp_WETH_USDC,0.25,-2.446448942615141,-4.5205296278871065,-1.1112763632864793,1641
30bp_WETH_USDC,0.26,-2.5092159418120032,-4.367987899930655,-1.3770454691461371,1641
30bp_WETH_USDC,0.27,-2.625418033703234,-4.44551545909131,-1.4412751402709922,1641
30bp_WETH_USDC,0.28,-2.7770942143546598,-5.791096181315949,-1.5154499724043105,1641
30bp_WETH_USDC,0.29,-2.7810885682695843,-5.692911021405593,-1.5257872775323897,1641
30bp_WETH_USDC,0.3,-2.8626989776615566,-5.624432014349117,-1.6226199022994685,1641
30bp_WETH_USDC,0.31,-2.8737583735790944,-5.098420237453037,-1.6479931810737811,1641
30bp_WETH_USDC,0.32,-2.6722546079144793,-5.102568778208294,-1.6722067971358612,1641
30bp_WETH_USDC,0.33,-2.7245369320073745,-5.068736703380808,-1.605592113145999,1641
30bp_WETH_USDC,0.34,-2.7122688351916753,-4.893949266202521,-1.6222525433418753,1641
30bp_WETH_USDC,0.35,-2.5964909153640643,-3.9219583166968626,-1.4648260933828372,1641
30bp_WETH_USDC,0.36,-2.415657138660814,-3.7736114463291703,-1.4036755998029171,1641
30bp_WETH_USDC,0.37,-2.385116657117112,-3.84504333292485,-1.3986066834392072,1641
30bp_WETH_USDC,0.38,-2.5285515901467632,-4.216643017569069,-1.5796235090509438,1641
30bp_WETH_USDC,0.39,-2.5911414910400135,-4.172016778618038,-1.6638250583248992,1641
30bp_WETH_USDC,0.4,-2.7009166827110733,-5.268598291326587,-1.6762737411971302,1641
30bp_WETH_USDC,0.41,-2.7536705743588903,-5.504325620046757,-1.6688497342435546,1641
30bp_WETH_USDC,0.42,-2.7329339263262815,-5.253341985024394,-1.6644257503502802,1641
30bp_WETH_USDC,0.43,-2.8844069962512893,-4.813499729502264,-1.7010580417781096,1641
30bp_WETH_USDC,0.44,-2.850585272216136,-4.760279538398446,-1.713134760785163,1641
30bp_WETH_USDC,0.45,-2.8393168317613986,-4.656678325976143,-1.6171632564107565,1641
30bp_WETH_USDC,0.46,-2.84874464907069,-4.765766689907434,-1.5853504171794721,1641
30bp_WETH_USDC,0.47,-2.868655489052646,-4.950381099200222,-1.609816182694308,1641
30bp_WETH_USDC,0.48,-2.989167151640744,-5.68377222306483,-1.6305420092887744,1641
30bp_WETH_USDC,0.49,-3.173477740749626,-5.8809522488734745,-1.6008275410859572,1641
30bp_WETH_USDC,0.5,-3.1040528403085657,-5.929387584377008,-1.631948973282316,1641
1bp_WETH_USDT,-0.5,1.046631514111601,-0.8096928159424905,7.562638102222027,1273
1bp_WETH_USDT,-0.49,0.8275298122641683,-0.8588998612495624,6.310540752658454,1299
1bp_WETH_USDT,-0.48,0.6338462550116001,-0.8220370418337888,5.197145645175449,1321
1bp_WETH_USDT,-0.47,0.4669049277582651,-0.9640613558807483,4.1634345404119415,1346
1bp_WETH_USDT,-0.46,0.6452024159183726,-0.9285218873224265,4.895915520034464,1342
1bp_WETH_USDT,-0.45,0.7436630347684643,-0.8495946146191635,5.633820216396128,1336
1bp_WETH_USDT,-0.44,1.069273072001021,-0.7967534097130139,5.908200510595466,1328
1bp_WETH_USDT,-0.43,1.4924624665103816,-0.7083743707996436,5.6377226278192945,1320
1bp_WETH_USDT,-0.42,1.0499682649639706,-0.7396350087898915,4.7801370976490425,1340
1bp_WETH_USDT,-0.41,0.8320382399152666,-0.7653166838998547,4.4223926264296605,1387
1bp_WETH_USDT,-0.4,1.1109399138151272,-0.6385489613684734,4.842515938748611,1409
1bp_WETH_USDT,-0.39,1.2579416043222271,-0.5877375577568609,4.572285316278813,1399
1bp_WETH_USDT,-0.38,1.2504125067351908,-0.5504288087739229,4.24020808504646,1403
1bp_WETH_USDT,-0.37,0.8827456314377383,-0.6927259303408404,3.657576375462033,1424
1bp_WETH_USDT,-0.36,1.0870708579379091,-0.692055404911278,3.750915006840534,1433
1bp_WETH_USDT,-0.35,0.8234474484982763,-0.7223841290179844,3.7793319168504143,1451
1bp_WETH_USDT,-0.34,0.8530047086428608,-0.7441057269493043,3.8762354711463862,1455
1bp_WETH_USDT,-0.33,1.1320208570762258,-0.6513037460915607,4.409312416338688,1475
1bp_WETH_USDT,-0.32,1.2822714381853109,-0.6151591507711806,4.647098013633325,1505
1bp_WETH_USDT,-0.31,1.2945058570134735,-0.5635637633948614,4.606629866641454,1532
1bp_WETH_USDT,-0.3,1.5546021525408578,-0.4246738006152092,4.541117002822645,1540
1bp_WETH_USDT,-0.29,1.5945491827613365,-0.4003664101954909,4.847112526677065,1543
1bp_WETH_USDT,-0.28,2.0228134994847533,-0.2719478972340675,5.569647895679324,1549
1bp_WETH_USDT,-0.27,2.3453462950715234,-0.26242826737986436,6.376879590638317,1550
1bp_WETH_USDT,-0.26,2.1881177187884204,-0.13188331456275573,7.712232323322045,1549
1bp_WETH_USDT,-0.25,2.841952230150006,-0.00901660818559092,8.203900086738546,1557
1bp_WETH_USDT,-0.24,2.564771548927018,-0.11632831668815127,8.007605327673318,1546
1bp_WETH_USDT,-0.23,2.5306625857079905,-0.17434572030865178,7.62670881935493,1545
1bp_WETH_USDT,-0.22,2.543315561879795,-0.23903973176620927,7.239441713440679,1554
1bp_WETH_USDT,-0.21,2.461915948527557,-0.3840606515785333,7.212175678466153,1564
1bp_WETH_USDT,-0.2,1.8901382397823698,-0.44935975754682006,7.423529602617811,1574
1bp_WETH_USDT,-0.19,1.7720291440709492,-0.3766132165519916,6.946260094923149,1578
1bp_WETH_USDT,-0.18,1.6717050778021716,-0.3960361884693482,5.799761384570374,1590
1bp_WETH_USDT,-0.17,1.3257861938686535,-0.5834739948915694,5.444357291650963,1598
1bp_WETH_USDT,-0.16,1.347639038907864,-0.6217680075727678,5.746218186707758,1604
1bp_WETH_USDT,-0.15,1.8380740802500595,-0.4145633289455269,6.902855656037589,1621
1bp_WETH_USDT,-0.14,2.230393806744305,-0.22890909769238663,7.423648480005739,1623
1bp_WETH_USDT,-0.13,2.7624241259455906,0.059002326242002016,8.182086813638065,1629
1bp_WETH_USDT,-0.12,3.1299728975802354,0.19887874583231357,9.43671790529363,1634
1bp_WETH_USDT,-0.11,3.2719773078755545,0.3663996228441756,10.527424360666291,1635
1bp_WETH_USDT,-0.1,3.4775886316775604,0.5527256558126882,10.009741798782134,1639
1bp_WETH_USDT,-0.09,3.744994579145266,0.745126996364333,9.582018892602992,1639
1bp_WETH_USDT,-0.08,3.8082809075338973,0.8508123234766117,9.648395060514062,1640
1bp_WETH_USDT,-0.07,3.909833660715047,0.7926485279979657,9.425439756018426,1641
1bp_WETH_USDT,-0.06,3.808982343203984,0.7125476150240528,9.035702378064915,1641
1bp_WETH_USDT,-0.05,3.372751643023353,0.5134971859777746,8.393496414313397,1638
1bp_WETH_USDT,-0.04,2.6918057681954055,0.21368848192742307,7.908878238216175,1641
1bp_WETH_USDT,-0.03,2.16069635117084,-0.15032348929234587,6.7946550176217375,1641
1bp_WETH_USDT,-0.02,1.8003299818090377,-0.5915064342362731,6.558298212105137,1637
1bp_WETH_USDT,-0.01,1.022173527896995,-1.402961935409422,5.453918775672223,1641
1bp_WETH_USDT,0.0,-0.24917326803272336,-2.9075693423911173,3.2485140833681765,1639
1bp_WETH_USDT,0.01,-1.3025266533997193,-4.922224119301847,1.2357987738292926,1640
1bp_WETH_USDT,0.02,-1.934900798427772,-5.939657586172742,0.500790979926627,1641
1bp_WETH_USDT,0.03,-2.7938644046708276,-6.669115213816028,0.10118746588803029,1641
1bp_WETH_USDT,0.04,-3.20226887586039,-7.309732141255692,-0.48783009280768774,1641
1bp_WETH_USDT,0.05,-4.077010001481274,-7.735026169137938,-1.222172659062318,1640
1bp_WETH_USDT,0.06,-4.480790143605239,-8.770439339824076,-1.3223554643043405,1640
1bp_WETH_USDT,0.07,-4.622725667046307,-9.12089551159135,-1.4777311185021684,1639
1bp_WETH_USDT,0.08,-5.029656046002011,-10.111084903101434,-1.5283706163421793,1641
1bp_WETH_USDT,0.09,-5.134205052906182,-9.990017857800936,-1.5802356269220441,1640
1bp_WETH_USDT,0.1,-5.076907323753991,-10.312244797372163,-1.483989258837954,1637
1bp_WETH_USDT,0.11,-5.081640826962948,-11.194921591887399,-1.4666968037683,1640
1bp_WETH_USDT,0.12,-5.171322893964323,-11.457494344792233,-1.6856360986396552,1636
1bp_WETH_USDT,0.13,-5.299920711058466,-12.093968447519874,-1.7974029523780497,1640
1bp_WETH_USDT,0.14,-5.1186454567888084,-11.760618681590891,-1.389097576648669,1636
1bp_WETH_USDT,0.15,-5.025000903394552,-10.782257358518969,-1.2311033911976597,1626
1bp_WETH_USDT,0.16,-4.907331874625582,-10.552060462780709,-1.1768814152499734,1627
1bp_WETH_USDT,0.17,-4.4221682260273045,-10.626123793358046,-1.19506294221113,1629
1bp_WETH_USDT,0.18,-4.248986611206237,-9.584510596683197,-1.3083814803929181,1620
1bp_WETH_USDT,0.19,-4.236425354830974,-9.54870395329813,-1.3094292055318109,1618
1bp_WETH_USDT,0.2,-4.370319384601794,-8.675715001833264,-1.198406482144026,1614
1bp_WETH_USDT,0.21,-4.559848837261373,-9.27274752707695,-1.4186477222445992,1625
1bp_WETH_USDT,0.22,-4.941801421936378,-9.972487200196564,-1.5554988511328836,1609
1bp_WETH_USDT,0.23,-5.0067055367952005,-10.755852873974654,-1.4746294404204066,1616
1bp_WETH_USDT,0.24,-5.0117231645560345,-11.06429024656381,-1.080272993959147,1600
1bp_WETH_USDT,0.25,-4.717263637056255,-11.073753967378899,-0.9900101135371786,1585
1bp_WETH_USDT,0.26,-4.589327560975754,-12.267697074492508,-1.0419508763603402,1585
1bp_WETH_USDT,0.27,-4.932089212751427,-11.663660305218116,-1.2244957023213807,1599
1bp_WETH_USDT,0.28,-5.24357884127059,-12.41162018121446,-1.3351109055344348,1588
1bp_WETH_USDT,0.29,-5.186183665287173,-12.086880685003095,-1.2941736679059097,1580
1bp_WETH_USDT,0.3,-4.4566939000026595,-10.813523767573223,-0.7280912059654328,1570
1bp_WETH_USDT,0.31,-3.7914310690001614,-10.805508214214797,-0.48402045113275916,1543
1bp_WETH_USDT,0.32,-3.4022185964537757,-10.57594787453726,-0.37351718503612064,1514
1bp_WETH_USDT,0.33,-3.190661689945308,-10.358461079286922,-0.4277257186708819,1479
1bp_WETH_USDT,0.34,-3.058167826943147,-9.000433458848441,0.19641096553678172,1461
1bp_WETH_USDT,0.35,-2.817166164387412,-8.27020910652517,1.0689434066669992,1464
1bp_WETH_USDT,0.36,-2.6207161073607406,-7.162337383246639,1.060300960965875,1462
1bp_WETH_USDT,0.37,-2.777456831918853,-7.700817946666587,0.8968397367324455,1465
1bp_WETH_USDT,0.38,-2.7270237671518056,-7.9271713178096626,0.7311803177678337,1441
1bp_WETH_USDT,0.39,-2.981207030745554,-7.962075978022974,0.6621461960165723,1388
1bp_WETH_USDT,0.4,-3.35701869130099,-8.971524317482277,0.662099803743465,1380
1bp_WETH_USDT,0.41,-3.3027947437970404,-9.00022035349547,0.263849219177725,1359
1bp_WETH_USDT,0.42,-3.7280636634909876,-8.774576473000828,-1.092377768800741,1329
1bp_WETH_USDT,0.43,-3.992615205368401,-9.819863214066881,-1.5168513870496834,1327
1bp_WETH_USDT,0.44,-4.360497653205784,-10.50392698355075,-1.5360237543619377,1321
1bp_WETH_USDT,0.45,-4.201189325597447,-9.79122357770897,-1.5389488893500476,1322
1bp_WETH_USDT,0.46,-3.8493566874421896,-9.322219838290449,-1.510629836872716,1329
1bp_WETH_USDT,0.47,-4.22495191269873,-9.649784622938068,-1.502644058515934,1321
1bp_WETH_USDT,0.48,-4.3696108371779445,-10.936784249572945,-1.5284953784716462,1318
1bp_WETH_USDT,0.49,-4.750745984473777,-11.595030245101825,-1.6742031341346588,1301
1bp_WETH_USDT,0.5,-4.606159083862826,-12.755814995033832,-1.6791254002335014,1257
5bp_WETH_USDT,-0.5,-0.9329184334446665,-1.4598984448530952,1.4380652453113654,1551
5bp_WETH_USDT,-0.49,-1.0064063114517938,-1.4703995570822663,0.9539332478378979,1580
5bp_WETH_USDT,-0.48,-1.019011949282379,-1.4709872274084608,0.7537560914616621,1595
5bp_WETH_USDT,-0.47,-1.0115713083849673,-1.4707639740960383,0.8070641345002068,1611
5bp_WETH_USDT,-0.46,-0.945642811194213,-1.46635385626702,1.3812674797341737,1608
5bp_WETH_USDT,-0.45,-0.8774622671226869,-1.458020914060195,1.4073103538565856,1615
5bp_WETH_USDT,-0.44,-0.8801389947244749,-1.4599706296238877,1.774373408748067,1606
5bp_WETH_USDT,-0.43,-0.7490370795268658,-1.4428044727248466,2.03447847947519,1610
5bp_WETH_USDT,-0.42,-0.7513925682146363,-1.4439749583093793,2.2154857320153285,1615
5bp_WETH_USDT,-0.41,-0.7056909411477394,-1.4256077859444252,2.315576995142287,1607
5bp_WETH_USDT,-0.4,-0.5847400539289344,-1.432647372558257,2.627011712210753,1603
5bp_WETH_USDT,-0.39,-0.6680446660412891,-1.432751355685873,3.3289043364926445,1596
5bp_WETH_USDT,-0.38,-0.6500957128682598,-1.42483079230778,3.0633665194400717,1600
5bp_WETH_USDT,-0.37,-0.7198257790860318,-1.4248725140818066,2.615510656355547,1596
5bp_WETH_USDT,-0.36,-0.8945570775219851,-1.4218319868826306,2.4522883758251295,1605
5bp_WETH_USDT,-0.35,-0.7029403235354027,-1.415759108021934,2.672963461248661,1617
5bp_WETH_USDT,-0.34,-0.4839639520499565,-1.407200781141602,3.2473034002091388,1619
5bp_WETH_USDT,-0.33,-0.39333051567009597,-1.3733251164966793,3.9747489267656464,1610
5bp_WETH_USDT,-0.32,-0.41097242866465783,-1.4070838205212501,3.671804028971041,1610
5bp_WETH_USDT,-0.31,-0.2779709561233966,-1.4014768023999116,3.107938966280241,1612
5bp_WETH_USDT,-0.3,-0.36574993011189627,-1.3840239952891098,2.928653854151739,1618
5bp_WETH_USDT,-0.29,-0.49285038391399527,-1.3983709642277882,2.258878110002953,1624
5bp_WETH_USDT,-0.28,-0.5917161525905893,-1.4264738219871465,2.4034924477936084,1621
5bp_WETH_USDT,-0.27,-0.45193866643442565,-1.4322603088447365,2.7473722423680123,1620
5bp_WETH_USDT,-0.26,-0.46237201120494237,-1.4220017727844143,3.1655555552331855,1629
5bp_WETH_USDT,-0.25,-0.34766164451505266,-1.433316557696984,3.6444683504797215,1633
5bp_WETH_USDT,-0.24,-0.18869004262675518,-1.4326286389305667,3.79846699121362,1629
5bp_WETH_USDT,-0.23,-0.15639755067493444,-1.4113755460108153,4.038441222938087,1629
5bp_WETH_USDT,-0.22,-0.10163703008979155,-1.4032300560757096,4.30604285015113,1631
5bp_WETH_USDT,-0.21,-0.03278741263889596,-1.394730392598233,4.718624505239024,1635
5bp_WETH_USDT,-0.2,-0.07658568375797598,-1.3782224289363354,5.0934825056844195,1640
5bp_WETH_USDT,-0.19,-0.04839513526177494,-1.3176068884248018,4.873265648577181,1640
5bp_WETH_USDT,-0.18,-0.04073986716216948,-1.336139630677895,4.587334490311684,1641
5bp_WETH_USDT,-0.17,-0.06754489323481906,-1.377102014724467,4.96902617292209,1641
5bp_WETH_USDT,-0.16,-0.10630897266213202,-1.3105474850371044,5.410506870631533,1641
5bp_WETH_USDT,-0.15,0.2315977308793429,-1.2121679395249476,5.91248084286195,1641
5bp_WETH_USDT,-0.14,0.47634432990314707,-1.155989290839713,7.059636337184034,1641
5bp_WETH_USDT,-0.13,0.4493277196775017,-1.169214741486918,7.685774084676807,1641
5bp_WETH_USDT,-0.12,0.548235842484989,-1.1084989981564461,8.195878494425608,1641
5bp_WETH_USDT,-0.11,0.9068751738959019,-1.0584851013730041,9.021067084621533,1641
5bp_WETH_USDT,-0.1,1.0825175576781463,-0.9978714744387999,9.9446414783864,1641
5bp_WETH_USDT,-0.09,1.1416981707718104,-1.007762791034984,9.209132448757948,1640
5bp_WETH_USDT,-0.08,1.0881711206890752,-1.0116130233401255,8.63272983650678,1641
5bp_WETH_USDT,-0.07,0.8919336418511663,-0.9793324624938566,7.344286675580091,1641
5bp_WETH_USDT,-0.06,1.101387478995067,-0.9518763669245455,7.277548420301577,1641
5bp_WETH_USDT,-0.05,1.0898033157443192,-0.7041860330635368,7.578570746335004,1641
5bp_WETH_USDT,-0.04,1.3227417576683993,-0.7703732150282501,7.698708433383014,1641
5bp_WETH_USDT,-0.03,1.1732075222443723,-0.8251195042494972,6.086787652175524,1641
5bp_WETH_USDT,-0.02,0.9348909680548719,-1.0339282606973823,5.833892355786427,1641
5bp_WETH_USDT,-0.01,0.29043724110090124,-1.365110926031839,4.591939154060289,1641
5bp_WETH_USDT,0.0,-0.3009990672200894,-1.7648393037999168,2.895376960853809,1641
5bp_WETH_USDT,0.01,-0.9754688209829998,-2.881235341419968,1.2791183485642945,1641
5bp_WETH_USDT,0.02,-1.401611012559413,-3.9161806805800023,0.37634288777429753,1641
5bp_WETH_USDT,0.03,-1.5323155610923997,-4.483709064399659,-0.16924003192564882,1641
5bp_WETH_USDT,0.04,-1.6320055503477988,-5.1084872657993055,-0.6916028868124342,1641
5bp_WETH_USDT,0.05,-1.8729602417393925,-5.203626388105587,-1.0521695263351805,1641
5bp_WETH_USDT,0.06,-1.9323124578951083,-4.690157884825921,-1.0889154474045755,1641
5bp_WETH_USDT,0.07,-1.9785059110467784,-4.745748331785057,-1.2152024778636255,1641
5bp_WETH_USDT,0.08,-2.109922903394036,-5.366185362743412,-1.339943967107017,1641
5bp_WETH_USDT,0.09,-2.3721146438121505,-6.148641915054531,-1.406698472210125,1641
5bp_WETH_USDT,0.1,-2.6776397334831863,-7.286006019447279,-1.464836206022618,1641
5bp_WETH_USDT,0.11,-2.7455781318064965,-7.798388872756135,-1.5077124421098382,1641
5bp_WETH_USDT,0.12,-2.7211920011569717,-7.692029717576807,-1.5168850805200447,1639
5bp_WETH_USDT,0.13,-2.4339712536886466,-7.685302524095646,-1.5032844203968225,1638
5bp_WETH_USDT,0.14,-2.500380619394014,-6.605514025964656,-1.5389065097571666,1640
5bp_WETH_USDT,0.15,-2.689339767494216,-6.254522518278719,-1.5506176089476462,1638
5bp_WETH_USDT,0.16,-2.9389435958045707,-5.762414770391893,-1.6049511990263363,1641
5bp_WETH_USDT,0.17,-2.776112332428311,-5.931405784785219,-1.6058362716176438,1638
5bp_WETH_USDT,0.18,-2.7635756624866414,-6.405025527063476,-1.6012454981490312,1636
5bp_WETH_USDT,0.19,-2.6180248833009228,-5.913783378326449,-1.5850388120480772,1638
5bp_WETH_USDT,0.2,-2.492469717693546,-5.086732474465386,-1.5220248705823098,1634
5bp_WETH_USDT,0.21,-2.2905644960149263,-4.507267059192561,-1.3378401702072926,1633
5bp_WETH_USDT,0.22,-2.3242091094905657,-5.043726318113123,-1.3596589012669482,1635
5bp_WETH_USDT,0.23,-2.3732781076870193,-5.165541955802327,-1.4630552347138754,1624
5bp_WETH_USDT,0.24,-2.432386605334577,-5.354845187646919,-1.5190622960119144,1628
5bp_WETH_USDT,0.25,-2.5089380044718705,-5.526927149881975,-1.5052187497097476,1605
5bp_WETH_USDT,0.26,-2.2853101178516364,-5.040065826701179,-1.4898580466683746,1609
5bp_WETH_USDT,0.27,-2.174874971268403,-4.3704063400872695,-1.4336862311487861,1595
5bp_WETH_USDT,0.28,-2.095319705410289,-4.0594457590405435,-1.3378736741261779,1581
5bp_WETH_USDT,0.29,-2.06661921503299,-4.453905145389231,-1.3978156321159085,1580
5bp_WETH_USDT,0.3,-1.9016762880980171,-3.94236446869686,-1.4032697321474883,1568
5bp_WETH_USDT,0.31,-1.8416102756994621,-3.4519830242651537,-1.4342153585235295,1568
5bp_WETH_USDT,0.32,-1.8179263269241548,-3.562932912440567,-1.390661078273413,1560
5bp_WETH_USDT,0.33,-1.7975646876449392,-3.370524550635034,-1.436058112307214,1554
5bp_WETH_USDT,0.34,-1.8891061240186708,-3.4908320651432985,-1.4464058308973915,1538
5bp_WETH_USDT,0.35,-1.9668248734290692,-3.7817909656754276,-1.4742567124824912,1511
5bp_WETH_USDT,0.36,-1.9038718037613935,-3.735073583679729,-1.4988480649444966,1494
5bp_WETH_USDT,0.37,-1.9733224646203769,-3.6442999353432057,-1.499873810081887,1480
5bp_WETH_USDT,0.38,-2.0090488059833636,-3.6438167836585316,-1.5036109319981683,1466
5bp_WETH_USDT,0.39,-2.0274817571118207,-3.475234412684537,-1.5073757978331754,1434
5bp_WETH_USDT,0.4,-2.118402303831312,-3.707020537490985,-1.5129523425277052,1435
5bp_WETH_USDT,0.41,-2.337070606770487,-4.078251738246319,-1.510333986711258,1416
5bp_WETH_USDT,0.42,-2.414820437457531,-4.547030067447645,-1.5055269541543659,1401
5bp_WETH_USDT,0.43,-2.4262234095737565,-4.703342216766865,-1.5253929792173642,1386
5bp_WETH_USDT,0.44,-2.5089603500108595,-4.867654398642099,-1.545911279932592,1359
5bp_WETH_USDT,0.45,-2.5669781918357266,-5.7313286781816535,-1.5644042460211196,1325
5bp_WETH_USDT,0.46,-2.721399977111709,-7.114953448571241,-1.6368523763547935,1336
5bp_WETH_USDT,0.47,-3.08972187020784,-8.111862149560132,-1.663224804317783,1323
5bp_WETH_USDT,0.48,-3.3701139064843915,-8.354997855609339,-1.6793107163221264,1316
5bp_WETH_USDT,0.49,-3.365320715878759,-9.201293274440953,-1.7075753650210026,1316
5bp_WETH_USDT,0.5,-3.548138773091274,-8.787743578331673,-1.7128085575400034,1323
30bp_WETH_USDT,-0.5,-0.08475533202912157,-1.1014168022689457,2.0595215989893574,1641
30bp_WETH_USDT,-0.49,-0.15777641894188835,-1.1866602781742333,1.9389022655376817,1641
30bp_WETH_USDT,-0.48,-0.23664935101394213,-1.1607004986914338,2.102112026937215,1641
30bp_WETH_USDT,-0.47,-0.13943760274940692,-1.1238013312579513,2.2407221590465687,1641
30bp_WETH_USDT,-0.46,0.03214061211251649,-1.0123201829796127,2.383078988489113,1641
30bp_WETH_USDT,-0.45,0.038632100380607194,-0.9618838023731324,2.403276240932859,1641
30bp_WETH_USDT,-0.44,0.020306032387890905,-0.9794500442402637,2.387690952373468,1641
30bp_WETH_USDT,-0.43,0.06655119509585505,-0.9162080307562273,2.4282802416288907,1641
30bp_WETH_USDT,-0.42,0.10400390154400609,-0.9702695200029551,2.53295230904518,1641
30bp_WETH_USDT,-0.41,0.2055504355878406,-0.9077233456128511,2.550863820725593,1641
30bp_WETH_USDT,-0.4,0.2725699170298439,-0.8863576652171969,2.6436163364786243,1641
30bp_WETH_USDT,-0.39,0.14001680119711382,-0.9074155315345561,2.7673007624845467,1641
30bp_WETH_USDT,-0.38,0.05485441755908833,-0.9047382950570235,2.7235222577766773,1641
30bp_WETH_USDT,-0.37,0.1336441068868451,-0.9214741772711362,2.586773661079357,1641
30bp_WETH_USDT,-0.36,0.13825238533138032,-0.8871377873766741,2.5685047475803646,1641
30bp_WETH_USDT,-0.35,0.1962393747611191,-0.8635163028338388,2.409021971526725,1641
30bp_WETH_USDT,-0.34,0.3093346603397043,-0.8365065024763566,2.767357215653061,1641
30bp_WETH_USDT,-0.33,0.32219028232122754,-0.8196642615286543,2.6519658166641267,1641
30bp_WETH_USDT,-0.32,0.13814901285979686,-0.8503739832030984,2.5214691374702927,1641
30bp_WETH_USDT,-0.31,0.2702524259611127,-0.8494389149871783,2.511216444005865,1641
30bp_WETH_USDT,-0.3,0.34275492308919836,-0.846383261894331,2.4989528980236715,1641
30bp_WETH_USDT,-0.29,0.4414547247924893,-0.7789035936775554,2.8545020051007826,1641
30bp_WETH_USDT,-0.28,0.6286907786468854,-0.6795841384790693,3.305476478871009,1641
30bp_WETH_USDT,-0.27,1.000581323493652,-0.5162650629441442,3.7684411834717353,1641
30bp_WETH_USDT,-0.26,1.2307628982528451,-0.49638885671188454,4.443245118109454,1641
30bp_WETH_USDT,-0.25,1.5247109848164049,-0.35516952305955357,5.141779850337899,1641
30bp_WETH_USDT,-0.24,1.6029343614403255,-0.21568886478935906,5.648547509589613,1641
30bp_WETH_USDT,-0.23,1.9584849391481463,0.021379649201400886,5.880414761660794,1641
30bp_WETH_USDT,-0.22,2.194498191152582,0.2409691218378066,6.020631729940464,1641
30bp_WETH_USDT,-0.21,2.4710052167530736,0.3612689105242268,6.318745674908233,1641
30bp_WETH_USDT,-0.2,2.634199137760383,0.6482187076220354,6.639802531917069,1641
30bp_WETH_USDT,-0.19,2.8821544478777468,0.5309300231265384,6.835436560586951,1641
30bp_WETH_USDT,-0.18,3.228429135141243,0.33244604374456044,6.930034225889493,1641
30bp_WETH_USDT,-0.17,3.4731978548514486,0.33532778100697735,6.963724396232731,1641
30bp_WETH_USDT,-0.16,3.3998027097696077,0.5336724946578253,7.394944283581808,1641
30bp_WETH_USDT,-0.15,3.5913835314273457,0.6913684853063733,7.57922770923207,1641
30bp_WETH_USDT,-0.14,4.185079506117281,0.6905622553722831,8.101908122114283,1641
30bp_WETH_USDT,-0.13,4.555142527411704,0.9179296444598689,8.79784049561983,1641
30bp_WETH_USDT,-0.12,4.530692782344421,0.9728924196431881,9.615418175968626,1641
30bp_WETH_USDT,-0.11,4.655419063894492,0.9279449906443887,9.8044506258378,1641
30bp_WETH_USDT,-0.1,4.578907010988385,0.6395897664902497,9.99916789107162,1641
30bp_WETH_USDT,-0.09,4.855110909004943,0.8076127119261478,9.862441015555467,1641
30bp_WETH_USDT,-0.08,4.702877540628957,0.9063909730233752,10.174023100920698,1641
30bp_WETH_USDT,-0.07,4.323889624780551,0.8467128303132517,10.597675391622841,1641
30bp_WETH_USDT,-0.06,4.260166689606634,0.6350723843417809,9.450546104883214,1641
30bp_WETH_USDT,-0.05,4.372441415690666,0.4305769938725189,10.654463679031206,1641
30bp_WETH_USDT,-0.04,4.028483985627144,0.017531859106914023,11.251842639028581,1641
30bp_WETH_USDT,-0.03,4.963429406003528,0.11966696290063199,12.290546373521178,1641
30bp_WETH_USDT,-0.02,5.664842378707354,-0.09910952213765263,12.997621778276294,1641
30bp_WETH_USDT,-0.01,3.254326328670219,-1.248589648591604,10.04702207935466,1641
30bp_WETH_USDT,0.0,-0.6399305115015335,-6.133803025172538,5.192610621633834,1641
30bp_WETH_USDT,0.01,-2.2025175964838573,-10.64576206743695,1.8233576397911964,1641
30bp_WETH_USDT,0.02,-2.876073530554245,-10.275528635586603,1.1146417521541505,1641
30bp_WETH_USDT,0.03,-2.906287167241095,-9.306774528778242,1.093644424410733,1641
30bp_WETH_USDT,0.04,-2.791015044194666,-8.749311731308167,0.9709624915762457,1641
30bp_WETH_USDT,0.05,-3.176118628168278,-8.353434322453197,-0.08676737411676044,1641
30bp_WETH_USDT,0.06,-3.193584283994145,-8.264398165512443,-0.5378184379520473,1641
30bp_WETH_USDT,0.07,-3.44028675115717,-8.032283505803452,-1.078866126077139,1641
30bp_WETH_USDT,0.08,-3.5716052262828266,-8.01089810395902,-1.306057068633355,1641
30bp_WETH_USDT,0.09,-3.8077473727563786,-8.473588892236497,-1.3147384763136418,1641
30bp_WETH_USDT,0.1,-3.7734861793866146,-8.75370532599387,-1.343282280898203,1641
30bp_WETH_USDT,0.11,-3.6661243286354366,-8.15278241119663,-1.3547298089432296,1641
30bp_WETH_USDT,0.12,-3.4008751747699484,-8.31342173352235,-1.3759699958426677,1641
30bp_WETH_USDT,0.13,-3.3414969583376046,-8.906480931856386,-1.3966038992949048,1641
30bp_WETH_USDT,0.14,-3.4235178250577367,-10.52462360380286,-1.5654901250756954,1641
30bp_WETH_USDT,0.15,-3.2810986397818134,-9.418299610124661,-1.512773532168604,1641
30bp_WETH_USDT,0.16,-3.423153681606943,-9.245864519816692,-1.4761820725945978,1641
30bp_WETH_USDT,0.17,-3.3690908005350697,-8.946495496082576,-1.5047041867455064,1641
30bp_WETH_USDT,0.18,-3.2865538701953554,-9.253724589196937,-1.538856924752544,1641
30bp_WETH_USDT,0.19,-3.335502133075254,-9.022902804740227,-1.565031128313748,1641
30bp_WETH_USDT,0.2,-3.1693568653403084,-7.9541361573712335,-1.5887663294159666,1641
30bp_WETH_USDT,0.21,-3.1617684727463056,-9.510941940514018,-1.6389289176852377,1641
30bp_WETH_USDT,0.22,-3.0209842571362064,-9.263528606796084,-1.6358905429579544,1641
30bp_WETH_USDT,0.23,-2.9085532529785696,-8.526500296742956,-1.5065820632595526,1641
30bp_WETH_USDT,0.24,-2.83457595082913,-7.788654783711849,-1.3616023653285705,1641
30bp_WETH_USDT,0.25,-2.8122869411614833,-6.389441162170196,-1.43175958301998,1641
30bp_WETH_USDT,0.26,-2.776792521163712,-6.059045844433763,-1.4836477509054984,1641
30bp_WETH_USDT,0.27,-2.851322195800223,-6.162529146352256,-1.5722649280024983,1641
30bp_WETH_USDT,0.28,-2.736361400810234,-6.8536011563819095,-1.5739676571728571,1641
30bp_WETH_USDT,0.29,-2.709521887268594,-7.071300633595165,-1.5749424409782442,1641
30bp_WETH_USDT,0.3,-2.6492366276035004,-6.552727294952814,-1.6582663018700483,1641
30bp_WETH_USDT,0.31,-2.5078429158111057,-6.1112081198118196,-1.6890404059299486,1641
30bp_WETH_USDT,0.32,-2.4074690422262455,-4.928305441417,-1.7095224030340905,1641
30bp_WETH_USDT,0.33,-2.37458674782228,-4.682778192245517,-1.5860320233760825,1641
30bp_WETH_USDT,0.34,-2.233772184656489,-4.121666743787318,-1.5181115136786834,1641
30bp_WETH_USDT,0.35,-2.2174188656522813,-3.943128061278033,-1.4507692783821815,1641
30bp_WETH_USDT,0.36,-2.29760420586399,-3.9197460648257048,-1.4606047452577027,1641
30bp_WETH_USDT,0.37,-2.369380578035952,-4.002289793490262,-1.48455943075637,1641
30bp_WETH_USDT,0.38,-2.307373666853751,-4.0751166175899085,-1.5070735425557238,1641
30bp_WETH_USDT,0.39,-2.4149116440437273,-4.17400660224224,-1.5492258261647325,1641
30bp_WETH_USDT,0.4,-2.6072173841062196,-5.248044461420962,-1.6598192453317149,1641
30bp_WETH_USDT,0.41,-2.86665846543316,-6.186882160436838,-1.7169367166668505,1641
30bp_WETH_USDT,0.42,-3.1769277909931963,-6.967432712725945,-1.7623064020549535,1641
30bp_WETH_USDT,0.43,-3.209996768613645,-6.700082600914368,-1.7990144384093887,1641
30bp_WETH_USDT,0.44,-3.381434103439053,-7.590348588381665,-1.8847329496131877,1641
30bp_WETH_USDT,0.45,-3.3615987563721608,-7.670649364884028,-1.9187074475696462,1641
30bp_WETH_USDT,0.46,-3.361268205844284,-7.617549070517693,-1.9239076109632427,1641
30bp_WETH_USDT,0.47,-3.3231685108708047,-7.497659504344287,-1.8481950443231894,1641
30bp_WETH_USDT,0.48,-3.361573394094508,-7.712945986929542,-1.8157094741576583,1641
30bp_WETH_USDT,0.49,-3.369390338927955,-7.601805708434942,-1.7869203379907204,1637
30bp_WETH_USDT,0.5,-3.2679495080173018,-7.849143739966019,-1.7525752514642248,1636
5bp_WBTC_WETH,-0.5,-1.0603048869182772,-3.2530347865052165,0.7916180992856924,1641
5bp_WBTC_WETH,-0.49,-1.1522052059683496,-3.2734741700346457,0.9164424296865978,1641
5bp_WBTC_WETH,-0.48,-1.3827612301254288,-4.6256819172947985,0.6153359030682287,1641
5bp_WBTC_WETH,-0.47,-1.686764216804377,-7.403282470513547,-0.02013899011527309,1641
5bp_WBTC_WETH,-0.46,-2.0253197051202116,-8.37878791329044,-0.1299498797912791,1641
5bp_WBTC_WETH,-0.45,-2.0921355920798734,-7.355369583621159,-0.16806433221115522,1641
5bp_WBTC_WETH,-0.44,-1.9433521966733036,-5.573637709610376,-0.06627994069422277,1641
5bp_WBTC_WETH,-0.43,-1.872791397985194,-5.719184119051678,0.21636233656098325,1641
5bp_WBTC_WETH,-0.42,-1.6330119165963015,-5.0526679098309595,0.4413762767571466,1641
5bp_WBTC_WETH,-0.41,-1.6792026182916808,-5.144977582921775,0.48715380065856045,1641
5bp_WBTC_WETH,-0.4,-1.763239534688205,-5.398327319359093,0.3437932353122172,1641
5bp_WBTC_WETH,-0.39,-1.8653372350731667,-5.160703414086333,-0.02409856621698917,1641
5bp_WBTC_WETH,-0.38,-1.8127080901848682,-4.497297340516792,-0.09734698201754022,1641
5bp_WBTC_WETH,-0.37,-1.7853414852215386,-4.3405878047609425,0.03264685266756706,1641
5bp_WBTC_WETH,-0.36,-1.676473302587841,-4.254920901168355,0.1563438607310159,1641
5bp_WBTC_WETH,-0.35,-1.6740307416412883,-4.130346558885697,0.36905348153524953,1641
5bp_WBTC_WETH,-0.34,-1.3529324580113373,-4.338570433190296,0.9210313743169702,1641
5bp_WBTC_WETH,-0.33,-1.14467875198017,-4.186782650571346,1.526941630132134,1641
5bp_WBTC_WETH,-0.32,-0.9428904334396788,-4.603231179721387,1.865671266475161,1641
5bp_WBTC_WETH,-0.31,-0.7751491331186222,-4.318565237697857,2.017345789568012,1641
5bp_WBTC_WETH,-0.3,-0.7171725290610714,-3.4036649715633582,2.032875084973117,1641
5bp_WBTC_WETH,-0.29,-0.8394183559923979,-3.3756747846303177,2.0198138685061644,1641
5bp_WBTC_WETH,-0.28,-1.0060374991672991,-3.8860941622895484,2.3639042270925783,1641
5bp_WBTC_WETH,-0.27,-0.8945051582962251,-3.285827398116012,2.590218732854376,1641
5bp_WBTC_WETH,-0.26,-0.8425867540644092,-3.3501548078861876,2.741211390518647,1641
5bp_WBTC_WETH,-0.25,-0.793161264962447,-3.212559631346437,3.3537295915233285,1641
5bp_WBTC_WETH,-0.24,-0.33170398624257963,-2.567456866363337,3.4940532996947753,1641
5bp_WBTC_WETH,-0.23,0.03470577578993487,-2.080415888037055,3.9478867134005515,1641
5bp_WBTC_WETH,-0.22,0.18392126776917261,-1.7992038829536088,4.032479028227399,1641
5bp_WBTC_WETH,-0.21,0.32920475056845666,-1.5743067180110386,4.53366880094859,1641
5bp_WBTC_WETH,-0.2,0.44168083335008046,-1.5515319371453544,4.694682726094702,1641
5bp_WBTC_WETH,-0.19,0.4636036538765638,-1.4922175855770214,5.10350959252267,1641
5bp_WBTC_WETH,-0.18,0.29213601899429587,-1.4962818634425055,4.590634322928702,1641
5bp_WBTC_WETH,-0.17,0.4252280905991946,-1.319325080309413,5.189405404711712,1641
5bp_WBTC_WETH,-0.16,0.50939441477405,-1.182215307935026,6.646308384838449,1641
5bp_WBTC_WETH,-0.15,0.4392213314915022,-1.2518911687833056,7.152151977493774,1641
5bp_WBTC_WETH,-0.14,0.5270234101639466,-1.2164154841866135,7.094163427453277,1641
5bp_WBTC_WETH,-0.13,0.8656669451256186,-1.1147073883351655,6.747543620008413,1641
5bp_WBTC_WETH,-0.12,1.5654520598660489,-0.7126293803075032,8.26087905446752,1641
5bp_WBTC_WETH,-0.11,2.8065232762815735,-0.3754601282584527,10.491062108023582,1641
5bp_WBTC_WETH,-0.1,3.421809947461325,-0.49123873348744795,10.80980833764691,1641
5bp_WBTC_WETH,-0.09,3.838084014009845,-0.4270396307993283,12.831685241946111,1641
5bp_WBTC_WETH,-0.08,3.57821875350687,-0.575055121084288,12.955354517159341,1641
5bp_WBTC_WETH,-0.07,3.397384033954861,-0.5408950898905839,15.159222395082992,1641
5bp_WBTC_WETH,-0.06,4.17423959493623,-0.6278932196303642,15.222122292735977,1641
5bp_WBTC_WETH,-0.05,5.014466371634719,-0.9197259187472996,15.159313856103278,1641
5bp_WBTC_WETH,-0.04,4.382421058624075,-1.217803007141432,14.877571767840719,1641
5bp_WBTC_WETH,-0.03,3.702129411493035,-1.3240562898435042,14.558095847425124,1641
5bp_WBTC_WETH,-0.02,2.3390962472617614,-1.7091488166837205,13.310604839433038,1641
5bp_WBTC_WETH,-0.01,-0.7414118980404032,-5.03654590100439,9.555243581685849,1641
5bp_WBTC_WETH,0.0,-3.517024186748654,-14.59336168601287,0.5356922732065158,1641
5bp_WBTC_WETH,0.01,-9.701812572352331,-22.01508437178095,-2.119334555068537,1641
5bp_WBTC_WETH,0.02,-11.866419745042718,-24.00872958711905,-3.5060079346877178,1641
5bp_WBTC_WETH,0.03,-11.758399832264717,-21.613603137073117,-4.172768911907848,1641
5bp_WBTC_WETH,0.04,-10.792482607595375,-20.284440771691518,-3.984607233594506,1641
5bp_WBTC_WETH,0.05,-9.219063835752692,-20.069860817870484,-3.842637371452728,1641
5bp_WBTC_WETH,0.06,-8.675310997174225,-21.834953496030113,-3.4956128542323985,1641
5bp_WBTC_WETH,0.07,-8.831532543029665,-21.010468663245188,-3.1590398133484876,1641
5bp_WBTC_WETH,0.08,-9.083379695673042,-19.896592527972345,-3.3246316640732605,1640
5bp_WBTC_WETH,0.09,-9.434430855337935,-18.498140369722282,-3.5704929252606794,1640
5bp_WBTC_WETH,0.1,-10.448141621215864,-19.2808616019409,-3.39154940327394,1639
5bp_WBTC_WETH,0.11,-10.2933627980998,-17.74109855943298,-3.431552631542493,1635
5bp_WBTC_WETH,0.12,-8.431466799701504,-16.53576512830289,-3.2319161877843987,1622
5bp_WBTC_WETH,0.13,-7.1459450286561,-15.343399324646573,-3.1457861816450774,1623
5bp_WBTC_WETH,0.14,-6.145019015111522,-14.944130641284923,-3.009880730268449,1611
5bp_WBTC_WETH,0.15,-5.911375109614381,-14.9795167471706,-2.8379828650101895,1604
5bp_WBTC_WETH,0.16,-5.282810390302478,-14.653806494170164,-2.801938768155394,1597
5bp_WBTC_WETH,0.17,-4.891530334268102,-12.96370490961746,-2.6200297062379807,1577
5bp_WBTC_WETH,0.18,-4.392776987573005,-12.435921004104138,-2.278695447253752,1565
5bp_WBTC_WETH,0.19,-4.057943432851859,-10.47130859359642,-2.1286839247274503,1533
5bp_WBTC_WETH,0.2,-3.8718711733992617,-10.417534258977764,-1.9877911613439185,1485
5bp_WBTC_WETH,0.21,-3.872964077032503,-10.780529257410407,-1.9626083587626473,1476
5bp_WBTC_WETH,0.22,-4.093724170443284,-11.331057292134115,-1.8601053647476928,1478
5bp_WBTC_WETH,0.23,-4.489092172233567,-11.913873071484275,-1.788509237322288,1483
5bp_WBTC_WETH,0.24,-4.478148764692522,-12.179260985977825,-1.8372200727155124,1490
5bp_WBTC_WETH,0.25,-4.347847971630479,-12.890748375821918,-1.8078460845285487,1478
5bp_WBTC_WETH,0.26,-4.468210492396725,-14.584738711446981,-1.7775422406909946,1429
5bp_WBTC_WETH,0.27,-5.570839461083454,-16.21518462529248,-1.8482883494546867,1371
5bp_WBTC_WETH,0.28,-7.031120141894135,-19.79034028271542,-1.9001242200382034,1286
5bp_WBTC_WETH,0.29,-7.920399205281146,-21.66978586987559,-2.009180201832102,1230
5bp_WBTC_WETH,0.3,-7.4023282251835365,-22.670495154542316,-2.165911049719632,1174
5bp_WBTC_WETH,0.31,-8.317749499642165,-23.15458820034963,-2.4970156211613843,1102
5bp_WBTC_WETH,0.32,-7.121831223425782,-21.028549363751644,-2.2291562004049963,1067
5bp_WBTC_WETH,0.33,-5.517826565702195,-19.664368837730073,-2.1722134599044507,1044
5bp_WBTC_WETH,0.34,-4.443825658868644,-17.30403220132147,-2.171245898580615,1026
5bp_WBTC_WETH,0.35,-3.9829796014032377,-13.438534663516483,-2.204666313504946,1043
5bp_WBTC_WETH,0.36,-3.982979601403233,-9.855734208866842,-2.023535402191323,1051
5bp_WBTC_WETH,0.37,-3.9132779590417335,-8.22430861420391,-1.9409579074906804,1061
5bp_WBTC_WETH,0.38,-3.267060465634141,-8.182083356205801,-1.782687184676783,1041
5bp_WBTC_WETH,0.39,-3.011392322268675,-7.6478268867118455,-1.6945865539419835,981
5bp_WBTC_WETH,0.4,-2.880159507323332,-6.875140787588803,-1.6400951328305426,918
5bp_WBTC_WETH,0.41,-2.5284090015096825,-6.090383540450208,-1.5910160844543593,887
5bp_WBTC_WETH,0.42,-2.433807153781453,-6.52038860355502,-1.6099347872479863,912
5bp_WBTC_WETH,0.43,-2.6353403185959445,-7.879140574140524,-1.6570830170300883,944
5bp_WBTC_WETH,0.44,-2.9452789364095064,-6.837270580726228,-1.6867073422973442,958
5bp_WBTC_WETH,0.45,-3.0230039627791085,-6.374474220878876,-1.739700701517303,941
5bp_WBTC_WETH,0.46,-3.2817318437928975,-6.5800462149243595,-1.7718753338209159,974
5bp_WBTC_WETH,0.47,-3.167798039074976,-6.645501449484435,-1.7714824298173244,990
5bp_WBTC_WETH,0.48,-2.973073127606824,-6.876034619971388,-1.7691173735104853,996
5bp_WBTC_WETH,0.49,-2.8564868979133107,-6.708575726368393,-1.749563148159258,975
5bp_WBTC_WETH,0.5,-3.4042143863044205,-7.930439553210517,-1.7349054129684276,940
30bp_WBTC_WETH,-0.5,-2.2414196120813457,-4.784886875624041,-1.5946771993043816,1641
30bp_WBTC_WETH,-0.49,-2.3328573543281546,-6.094600582442152,-1.6307497545345075,1641
30bp_WBTC_WETH,-0.48,-2.417023745402263,-6.971953501629494,-1.6405058557864045,1641
30bp_WBTC_WETH,-0.47,-2.410022772810589,-8.001771366381131,-1.6810390088535567,1641
30bp_WBTC_WETH,-0.46,-2.248242341966042,-5.8984029546355945,-1.6150507694308458,1641
30bp_WBTC_WETH,-0.45,-2.1616580022920076,-5.2803866405073245,-1.5677611135670182,1641
30bp_WBTC_WETH,-0.44,-2.120301002404314,-4.929066535786152,-1.4810591523200665,1641
30bp_WBTC_WETH,-0.43,-2.0484722820073644,-4.766285024768042,-1.128525458573955,1641
30bp_WBTC_WETH,-0.42,-2.0019909205995514,-3.1402169199690237,-0.5003933178084843,1641
30bp_WBTC_WETH,-0.41,-2.0014169076005404,-2.9981493166841404,-0.2581758538105119,1641
30bp_WBTC_WETH,-0.4,-2.0608749050029225,-2.981787771487432,-0.2671198790874356,1641
30bp_WBTC_WETH,-0.39,-2.049569239326161,-3.0303683688808407,-0.2726478313763765,1641
30bp_WBTC_WETH,-0.38,-2.050180753040783,-3.1097424567457628,0.08854299040952533,1641
30bp_WBTC_WETH,-0.37,-2.049212910903741,-3.188986469913058,0.406631252843866,1641
30bp_WBTC_WETH,-0.36,-2.102316204372103,-3.5818535525902186,0.40582226949817657,1641
30bp_WBTC_WETH,-0.35,-2.0172509324011,-3.9797126808937757,0.32522239076735504,1641
30bp_WBTC_WETH,-0.34,-1.896000240334499,-4.609904900620027,0.22522552792367176,1641
30bp_WBTC_WETH,-0.33,-1.8885678644939827,-5.100244072528823,0.28658912026237904,1641
30bp_WBTC_WETH,-0.32,-1.705074672250136,-4.652659346721439,0.34034921350686115,1641
30bp_WBTC_WETH,-0.31,-1.0637854382202543,-3.399372782327817,0.6750814480457668,1641
30bp_WBTC_WETH,-0.3,-0.918713321947342,-2.871318930679855,1.6234251109294497,1641
30bp_WBTC_WETH,-0.29,-0.9366556569739981,-2.869111837983241,1.352270815104252,1641
30bp_WBTC_WETH,-0.28,-0.8992017370337776,-3.518487466798764,1.303003268779383,1641
30bp_WBTC_WETH,-0.27,-0.969283914281774,-5.610208445499417,1.6357386828566627,1641
30bp_WBTC_WETH,-0.26,-1.0584076333969128,-5.940934701792951,1.6815443184986825,1641
30bp_WBTC_WETH,-0.25,-0.9279009617658199,-5.217202018268264,1.8491941194086012,1641
30bp_WBTC_WETH,-0.24,-0.58340500155503,-3.6087967424888063,1.9782927670915549,1641
30bp_WBTC_WETH,-0.23,-0.28760466577315275,-3.0881972132564157,2.344246843474155,1641
30bp_WBTC_WETH,-0.22,-0.18984255344571277,-3.2311887835238227,2.7992623340620515,1641
30bp_WBTC_WETH,-0.21,-0.3026922272762633,-3.8675842060017294,3.094119975703656,1641
30bp_WBTC_WETH,-0.2,-0.2927037375364606,-3.3679288108306444,2.9572281765104447,1641
30bp_WBTC_WETH,-0.19,-0.035233535604329506,-3.2835301657170946,2.980895110480131,1641
30bp_WBTC_WETH,-0.18,0.08265180757924215,-2.7420946916286364,3.321726956613794,1641
30bp_WBTC_WETH,-0.17,0.3166820967437751,-2.0761429145701067,3.423462201509563,1641
30bp_WBTC_WETH,-0.16,0.3560386104377679,-1.9225934491095829,3.583404716450309,1641
30bp_WBTC_WETH,-0.15,0.08254491944982928,-2.2950915133069087,2.876423238310452,1641
30bp_WBTC_WETH,-0.14,0.15044243591382025,-2.806476421948783,2.951498311593298,1641
30bp_WBTC_WETH,-0.13,0.14753676779584357,-2.9644752807908135,3.303760717948668,1641
30bp_WBTC_WETH,-0.12,0.4205093875333178,-2.9756414972941303,4.614974507114581,1641
30bp_WBTC_WETH,-0.11,0.311635569818654,-2.9024113056025556,4.408102237353262,1641
30bp_WBTC_WETH,-0.1,0.22652556451477468,-2.8819798809888733,5.013406047947019,1641
30bp_WBTC_WETH,-0.09,0.476324630486413,-2.9201640220549776,5.599013054108572,1641
30bp_WBTC_WETH,-0.08,0.5382026625031697,-2.970955854097007,6.057380443030221,1641
30bp_WBTC_WETH,-0.07,0.5561393401788868,-3.021562711797421,6.752524369511977,1641
30bp_WBTC_WETH,-0.06,1.0878279969946636,-2.8431824165762154,8.64976720155955,1641
30bp_WBTC_WETH,-0.05,1.0782248693225962,-2.82741025124672,10.465204692565118,1641
30bp_WBTC_WETH,-0.04,0.5949810472994543,-3.012371159976252,7.461443076233414,1641
30bp_WBTC_WETH,-0.03,-0.47020175270968306,-4.591166549138597,4.2196809703390254,1641
30bp_WBTC_WETH,-0.02,-1.5037071990718105,-6.66563576748596,3.2629095223434996,1641
30bp_WBTC_WETH,-0.01,-2.6241963003383333,-8.207791928767056,1.9853572306200695,1641
30bp_WBTC_WETH,0.0,-4.102391105770326,-11.59359780985444,-0.214270084805782,1641
30bp_WBTC_WETH,0.01,-6.210533321239041,-14.6451075337935,-2.154655235263834,1641
30bp_WBTC_WETH,0.02,-8.668076381344248,-14.794650514714686,-3.805452264625351,1641
30bp_WBTC_WETH,0.03,-9.033039820348284,-14.797803229708645,-4.584768820594303,1641
30bp_WBTC_WETH,0.04,-8.814268224775374,-14.911883283377788,-5.167126607956507,1641
30bp_WBTC_WETH,0.05,-8.789885971738398,-15.863076939163474,-5.3065377459434,1641
30bp_WBTC_WETH,0.06,-8.918395984869276,-17.449614634224943,-5.581120917276887,1641
30bp_WBTC_WETH,0.07,-8.932254010981039,-17.40826219547144,-5.689952267603642,1641
30bp_WBTC_WETH,0.08,-8.03959901893245,-15.772261615641899,-5.643604230179708,1641
30bp_WBTC_WETH,0.09,-7.945398173306833,-13.831927069412409,-5.490426934617778,1641
30bp_WBTC_WETH,0.1,-7.995000029119777,-12.442867289266692,-5.33483978161887,1641
30bp_WBTC_WETH,0.11,-7.668256213906335,-11.996818551923328,-5.017785281512612,1641
30bp_WBTC_WETH,0.12,-7.272187223797634,-11.85093484465568,-4.726489348465056,1641
30bp_WBTC_WETH,0.13,-6.885004063494064,-10.911723829364616,-4.4060831813237495,1641
30bp_WBTC_WETH,0.14,-6.741841961691465,-10.228714114321743,-3.993806177234707,1641
30bp_WBTC_WETH,0.15,-6.938146210091311,-10.400268656593251,-3.9140335589033297,1641
30bp_WBTC_WETH,0.16,-6.522998044935478,-10.924542354898257,-3.4887157025050994,1641
30bp_WBTC_WETH,0.17,-6.628320727868439,-12.112660980240816,-3.2278890571354055,1641
30bp_WBTC_WETH,0.18,-6.642425316400638,-12.376319993631121,-2.89121531717866,1639
30bp_WBTC_WETH,0.19,-6.2760535484807,-11.833105230616589,-2.939701294402347,1629
30bp_WBTC_WETH,0.2,-6.461002769481468,-10.747728016963778,-2.821806410793803,1617
30bp_WBTC_WETH,0.21,-6.863653963987342,-11.1588520031958,-2.492425829319039,1611
30bp_WBTC_WETH,0.22,-6.670777724315306,-11.848202240075256,-2.1876433667452853,1615
30bp_WBTC_WETH,0.23,-5.693484112029363,-11.180309029470392,-2.1516325572304384,1616
30bp_WBTC_WETH,0.24,-5.021623818929159,-10.152205481838134,-2.1580987734158645,1623
30bp_WBTC_WETH,0.25,-4.805913285343285,-9.130884288865458,-2.202350489892857,1628
30bp_WBTC_WETH,0.26,-5.088927200794336,-8.541767007049751,-2.1580987734158583,1633
30bp_WBTC_WETH,0.27,-5.064209247072151,-8.616722602735194,-2.082888983503561,1635
30bp_WBTC_WETH,0.28,-5.576143635304659,-9.039455976326629,-2.204902378123507,1635
30bp_WBTC_WETH,0.29,-5.9350622501985955,-9.087680625824536,-2.3806294332116424,1637
30bp_WBTC_WETH,0.3,-6.143941932430289,-9.363930809568464,-2.62821903188074,1638
30bp_WBTC_WETH,0.31,-5.684635975696156,-9.327619818171012,-2.425513346764757,1635
30bp_WBTC_WETH,0.32,-5.173510641918666,-9.054258167733993,-2.091799075346608,1622
30bp_WBTC_WETH,0.33,-4.225906939633681,-8.452381327178099,-2.023178424158899,1597
30bp_WBTC_WETH,0.34,-4.235564542656585,-7.913896962538393,-2.102841751833565,1555
30bp_WBTC_WETH,0.35,-4.836515197426915,-8.238445267695116,-2.143395181565207,1535
30bp_WBTC_WETH,0.36,-4.118208345463163,-8.567211455834718,-2.0552016373918285,1541
30bp_WBTC_WETH,0.37,-3.8842981407644337,-8.696434658979737,-2.0055623414793637,1551
30bp_WBTC_WETH,0.38,-3.5252574943910244,-7.999344492048225,-2.101718531008414,1545
30bp_WBTC_WETH,0.39,-3.4726836359855495,-7.925624555963232,-2.0820005812375397,1536
30bp_WBTC_WETH,0.4,-3.192715012160886,-8.024458102670055,-1.9522936540329021,1531
30bp_WBTC_WETH,0.41,-3.0839348680549294,-7.6751343153185,-1.9624201138313007,1524
30bp_WBTC_WETH,0.42,-3.470404719193463,-8.387145550769507,-2.1731391656633665,1521
30bp_WBTC_WETH,0.43,-3.7384023852407426,-9.387442757110692,-2.2576361957173448,1496
30bp_WBTC_WETH,0.44,-3.6319206308818566,-9.85737748898092,-2.121706903605445,1487
30bp_WBTC_WETH,0.45,-3.5197974688309825,-8.68284606228242,-2.0156388415400577,1456
30bp_WBTC_WETH,0.46,-3.4673849454084915,-7.869777562545472,-2.0381585671678644,1449
30bp_WBTC_WETH,0.47,-3.387276672131393,-8.114875874425849,-2.1108780912605973,1444
30bp_WBTC_WETH,0.48,-3.476721403879811,-8.14826395695931,-2.1341898760913716,1431
30bp_WBTC_WETH,0.49,-3.476649419178941,-7.496541181196052,-2.0564303311748464,1423
30bp_WBTC_WETH,0.5,-3.4904746255717964,-6.506624929657514,-2.1416020088768413,1431
5bp_WBTC_USDT,-0.5,0.5962257253283445,-0.8127777003071923,4.376339210278822,281
5bp_WBTC_USDT,-0.49,0.9414914589168678,-1.0483511279967732,5.964981488441271,339
5bp_WBTC_USDT,-0.48,0.517055985571492,-1.207463963728527,12.6015211483971,463
5bp_WBTC_USDT,-0.47,0.548895728470143,-1.0593579310171102,15.638584194937891,536
5bp_WBTC_USDT,-0.46,0.4811019351103371,-0.9501843826819173,13.980725739945553,604
5bp_WBTC_USDT,-0.45,1.575979611017489,-0.8895356247184186,18.30163895073158,639
5bp_WBTC_USDT,-0.44,1.7329441395560121,-0.9107624967731399,19.35462944469141,657
5bp_WBTC_USDT,-0.43,2.47805923441816,-0.9185110995836783,20.52813587341713,679
5bp_WBTC_USDT,-0.42,1.025923212651731,-0.9964791883176187,21.755916403957386,671
5bp_WBTC_USDT,-0.41,0.5786728751595105,-1.1110721469987812,14.514282391055966,710
5bp_WBTC_USDT,-0.4,0.3744668026931878,-1.1303767628168047,7.442459200592218,742
5bp_WBTC_USDT,-0.39,0.35555543781287524,-1.0591080186989366,7.411392150216689,790
5bp_WBTC_USDT,-0.38,-0.3033767813278689,-1.0825620661609887,5.6703269121855,855
5bp_WBTC_USDT,-0.37,-0.31909164540309337,-1.082386657378191,4.6919923285761,879
5bp_WBTC_USDT,-0.36,-0.40205008289026145,-1.1261202731032105,4.692366726858137,892
5bp_WBTC_USDT,-0.35,-0.2715280871287579,-1.0694281999892357,4.244259938632867,897
5bp_WBTC_USDT,-0.34,0.2598635671177484,-0.9168617979457758,5.282323867606747,926
5bp_WBTC_USDT,-0.33,0.3614838573031734,-0.8621505503825281,5.375036659996594,937
5bp_WBTC_USDT,-0.32,0.8835930917509749,-0.7529120551847888,5.802022601405072,922
5bp_WBTC_USDT,-0.31,1.0040958319415978,-0.5907306244876425,5.855200953045199,944
5bp_WBTC_USDT,-0.3,1.0330851138623922,-0.596541124159244,6.483789258973458,948
5bp_WBTC_USDT,-0.29,0.9769689728106201,-0.6672944615767127,5.554297775174792,975
5bp_WBTC_USDT,-0.28,0.6356536829481539,-0.8193329242583332,4.566701033847591,1050
5bp_WBTC_USDT,-0.27,0.63312848768318,-0.8268754955538541,5.127510110715983,1098
5bp_WBTC_USDT,-0.26,1.4375718148779677,-0.5689778079770139,6.614893930360234,1171
5bp_WBTC_USDT,-0.25,2.292305765039233,-0.4429434013721749,7.951983403166372,1219
5bp_WBTC_USDT,-0.24,2.094834059230052,-0.6450246708820336,8.91838878530573,1247
5bp_WBTC_USDT,-0.23,1.9393106542569518,-0.6536288912560704,8.611266872195953,1279
5bp_WBTC_USDT,-0.22,2.40740585186669,-0.7288917266835971,9.617727674542657,1244
5bp_WBTC_USDT,-0.21,2.7598428024048274,-0.5818564918285826,9.313415063403886,1249
5bp_WBTC_USDT,-0.2,2.6858133656496848,-0.580255370782714,10.096674639126732,1285
5bp_WBTC_USDT,-0.19,2.9541449822787724,-0.6341589455896112,11.770590763533324,1318
5bp_WBTC_USDT,-0.18,3.4715963744384037,-0.6495629518905648,13.553512217190741,1383
5bp_WBTC_USDT,-0.17,3.7067619355015884,-0.342731685245833,13.498481732863834,1411
5bp_WBTC_USDT,-0.16,3.821386898994898,-0.3080299810136547,13.540064094582243,1417
5bp_WBTC_USDT,-0.15,3.137779678475194,-0.590923231908205,14.133442899871948,1407
5bp_WBTC_USDT,-0.14,2.5656909011518696,-0.7283542622633272,12.703251100037207,1394
5bp_WBTC_USDT,-0.13,2.8140128541122804,-0.4676079098567292,10.671651077681533,1384
5bp_WBTC_USDT,-0.12,2.7259412380469765,-0.4314051624931607,11.131313877535973,1369
5bp_WBTC_USDT,-0.11,2.722489179697067,-0.4096148552197393,11.117786958807407,1403
5bp_WBTC_USDT,-0.1,2.987746423862286,-0.3384674855987639,11.46897339592897,1426
5bp_WBTC_USDT,-0.09,3.7395843051736697,-0.21859002894285792,12.359800260807823,1449
5bp_WBTC_USDT,-0.08,3.9873079168206846,0.026066965043910442,13.83574722837531,1481
5bp_WBTC_USDT,-0.07,4.147445558508454,0.16165799247455542,14.214851913613446,1488
5bp_WBTC_USDT,-0.06,4.972154741960994,0.43973219026121196,17.494971448858198,1478
5bp_WBTC_USDT,-0.05,5.135931018946962,0.20594377408829692,16.434703167593227,1488
5bp_WBTC_USDT,-0.04,5.546922977903869,0.1963632033111683,17.65034484197833,1497
5bp_WBTC_USDT,-0.03,5.718238449407264,0.33270104537601664,18.864817606318613,1517
5bp_WBTC_USDT,-0.02,5.538445250289021,0.1149071751404409,18.106418076429303,1544
5bp_WBTC_USDT,-0.01,3.01711315225803,-1.4764059672309906,13.82194803381079,1550
5bp_WBTC_USDT,0.0,0.11154079926667815,-5.990070510573224,8.82196916607094,1566
5bp_WBTC_USDT,0.01,-2.17115753112872,-10.462045380858648,3.570863676862513,1559
5bp_WBTC_USDT,0.02,-3.858525169165057,-11.130733357485393,1.0930373425911322,1565
5bp_WBTC_USDT,0.03,-3.950439040772632,-12.349845975814823,0.7565229651863812,1560
5bp_WBTC_USDT,0.04,-3.8220836870666455,-11.93634775864817,-0.41115728287246855,1566
5bp_WBTC_USDT,0.05,-3.8454178645752894,-10.53449206651054,-0.7783285785877834,1561
5bp_WBTC_USDT,0.06,-3.87212764738086,-8.520561471990524,-1.2792587999951843,1571
5bp_WBTC_USDT,0.07,-4.07151714090368,-8.88854652536768,-1.4964314606806304,1563
5bp_WBTC_USDT,0.08,-4.291710413344802,-10.085027510187476,-1.6012077545992303,1548
5bp_WBTC_USDT,0.09,-4.5433602137227735,-11.470479983891627,-1.632825984681341,1532
5bp_WBTC_USDT,0.1,-5.364885651609319,-12.684510149629613,-1.697960411875985,1494
5bp_WBTC_USDT,0.11,-5.872798139967006,-14.58117475371314,-1.8057106978647062,1454
5bp_WBTC_USDT,0.12,-5.979758979873367,-13.907409929416575,-1.823228255515582,1404
5bp_WBTC_USDT,0.13,-4.983649213867903,-12.627828068814456,-1.8485015658394204,1396
5bp_WBTC_USDT,0.14,-4.5941256026137705,-12.549462119735797,-1.9198607673912866,1362
5bp_WBTC_USDT,0.15,-3.8902018609660383,-9.890246142943841,-1.9057110135139617,1320
5bp_WBTC_USDT,0.16,-3.258799356284883,-7.602790787961112,-1.756530188002862,1287
5bp_WBTC_USDT,0.17,-2.741688807829073,-6.440058780170185,-1.7304156509539543,1233
5bp_WBTC_USDT,0.18,-2.5799119826733605,-5.9490934615395,-1.7447585812440403,1168
5bp_WBTC_USDT,0.19,-2.638320435603865,-5.809428462003747,-1.782532166021618,1118
5bp_WBTC_USDT,0.2,-2.6092431533598384,-5.964277684964644,-1.7500012035716428,1059
5bp_WBTC_USDT,0.21,-2.6595822427453233,-6.180604875013917,-1.6281289630567644,1001
5bp_WBTC_USDT,0.22,-2.825428704492212,-6.674437622061532,-1.6139443356932415,948
5bp_WBTC_USDT,0.23,-2.9679251248529566,-6.29435413617788,-1.6057143513048429,915
5bp_WBTC_USDT,0.24,-3.2822888488201056,-7.013233807619268,-1.5471124208528277,889
5bp_WBTC_USDT,0.25,-3.4183051418400305,-9.0877276064656,-1.5842226102264694,882
5bp_WBTC_USDT,0.26,-3.726505436170686,-11.262283485798623,-1.6800889982577198,846
5bp_WBTC_USDT,0.27,-4.533143140015014,-12.811285025389697,-2.124502366190469,808
5bp_WBTC_USDT,0.28,-4.202404824616629,-11.502021252480194,-2.327488827941534,766
5bp_WBTC_USDT,0.29,-3.9835794580777417,-10.263266017768341,-2.1150565038827636,782
5bp_WBTC_USDT,0.3,-3.5987462542905946,-11.380450554880904,-2.001101927686897,737
5bp_WBTC_USDT,0.31,-3.838458579147997,-10.721069828733663,-1.9286265820618573,693
5bp_WBTC_USDT,0.32,-3.6245080434437438,-9.93320962387287,-2.134501763418052,659
5bp_WBTC_USDT,0.33,-3.602942662043586,-9.665737835459074,-2.335937731938722,626
5bp_WBTC_USDT,0.34,-3.7836530167116207,-8.965114398696997,-2.554089630160325,600
5bp_WBTC_USDT,0.35,-3.5879896080430926,-10.664767392913593,-2.4633815611619863,587
5bp_WBTC_USDT,0.36,-3.9766711353302306,-10.664468374849827,-2.451874773495524,581
5bp_WBTC_USDT,0.37,-3.9899845119144652,-9.266440085561465,-2.75692581060033,567
5bp_WBTC_USDT,0.38,-3.7629523459888907,-9.849171299369782,-2.764141091735,563
5bp_WBTC_USDT,0.39,-3.7930432616914675,-10.950789787060245,-2.891337104497126,554
5bp_WBTC_USDT,0.4,-3.9541936222151124,-12.086892952903142,-2.9584827318046525,548
5bp_WBTC_USDT,0.41,-3.858289231133279,-12.978812731534687,-2.984295143607177,543
5bp_WBTC_USDT,0.42,-4.0114742870267355,-13.796723228228725,-3.0844471277284153,548
5bp_WBTC_USDT,0.43,-4.172972356526697,-13.800759090319348,-3.082402915353799,553
5bp_WBTC_USDT,0.44,-4.289736348094884,-11.267662936725054,-3.354184882375433,550
5bp_WBTC_USDT,0.45,-4.322131691994991,-10.854134402649212,-3.230743135190694,521
5bp_WBTC_USDT,0.46,-4.409579747173903,-10.15460923500114,-3.3150594448487207,495
5bp_WBTC_USDT,0.47,-4.754697914398523,-10.20613048545337,-3.3433575030689306,462
5bp_WBTC_USDT,0.48,-5.561278031868076,-10.250090084651424,-3.3674106800521146,456
5bp_WBTC_USDT,0.49,-6.5852063196143735,-11.413029561467631,-3.424475229981418,426
5bp_WBTC_USDT,0.5,-6.541506577158474,-10.547839023483316,-3.561622663554197,416
30bp_WBTC_USDT,-0.5,-1.3314410156112788,-1.4767969596150734,-0.576107369920926,1146
30bp_WBTC_USDT,-0.49,-1.3363533485902228,-1.4860798299297031,-0.2754538945980758,1182
30bp_WBTC_USDT,-0.48,-1.3499214419035088,-1.491535580739525,-0.39562851538064253,1226
30bp_WBTC_USDT,-0.47,-1.3537792144342164,-1.4917738334384878,-0.4865827242066943,1237
30bp_WBTC_USDT,-0.46,-1.3144316085919863,-1.4918397653238897,-0.37587378529188986,1211
30bp_WBTC_USDT,-0.45,-1.3189933758420707,-1.489544206361256,-0.028446490194690362,1207
30bp_WBTC_USDT,-0.44,-1.3223246689683983,-1.479334060598497,0.39122687044171456,1210
30bp_WBTC_USDT,-0.43,-1.3030066670423444,-1.4805112600880375,1.2622895466200152,1238
30bp_WBTC_USDT,-0.42,-1.2344822608764683,-1.4790310139123797,1.3103977128979973,1306
30bp_WBTC_USDT,-0.41,-1.093881188429718,-1.473087176600398,3.1297364596815083,1307
30bp_WBTC_USDT,-0.4,-0.8817223715286756,-1.4705189941933035,3.9599085425936833,1303
30bp_WBTC_USDT,-0.39,-0.7859564726533355,-1.4496799311009283,3.7790190378360258,1312
30bp_WBTC_USDT,-0.38,-0.8126409473857242,-1.4359608366172416,2.525291072211094,1263
30bp_WBTC_USDT,-0.37,-0.8260417870145761,-1.4358640050492777,1.0724723154003972,1255
30bp_WBTC_USDT,-0.36,-0.8623402438220866,-1.4247964849324968,0.8616881274197058,1224
30bp_WBTC_USDT,-0.35,-0.8640923927482573,-1.4071515119657076,0.5165498225029,1198
30bp_WBTC_USDT,-0.34,-0.7511773682112919,-1.3625878175920052,0.8506022583458084,1288
30bp_WBTC_USDT,-0.33,-0.4157632323159779,-1.2679203686387157,2.5851421562542862,1312
30bp_WBTC_USDT,-0.32,-0.21632674708838046,-1.1074866775582308,3.913415196574752,1320
30bp_WBTC_USDT,-0.31,-0.21590772403733924,-1.1149770184833383,4.058410395636775,1348
30bp_WBTC_USDT,-0.3,-0.3221303095546537,-1.2016681365389315,2.9264799974399853,1342
30bp_WBTC_USDT,-0.29,-0.13064354254847751,-1.146104346348012,3.7473779885135654,1362
30bp_WBTC_USDT,-0.28,0.009183997656029055,-1.0620306634976784,4.693461214559016,1426
30bp_WBTC_USDT,-0.27,0.22051446069939387,-1.0691732450491254,5.5083666894628625,1437
30bp_WBTC_USDT,-0.26,0.12602584022014093,-1.0601399238087406,5.7233088715202545,1492
30bp_WBTC_USDT,-0.25,0.007146556074430993,-1.0649742352331482,5.766825205711171,1515
30bp_WBTC_USDT,-0.24,0.15541584638298273,-1.0270337451050864,6.502081679516918,1514
30bp_WBTC_USDT,-0.23,0.4448266591550892,-0.994559316860508,7.3934530620005665,1534
30bp_WBTC_USDT,-0.22,0.5750606223953747,-0.9971597913359591,7.790297263674065,1546
30bp_WBTC_USDT,-0.21,1.1122518712509244,-0.9265864393980119,8.091747170814665,1570
30bp_WBTC_USDT,-0.2,0.9254271848414208,-0.9301989532922704,9.378970358417927,1613
30bp_WBTC_USDT,-0.19,1.2300265071284258,-0.8348419091136559,11.454016786296876,1616
30bp_WBTC_USDT,-0.18,1.8472682131202647,-0.781718821538385,12.499754146376956,1620
30bp_WBTC_USDT,-0.17,3.2903441691260893,-0.6753331543711758,15.266717260722695,1602
30bp_WBTC_USDT,-0.16,3.8509509194859923,-0.7368561179017444,17.573775971490253,1586
30bp_WBTC_USDT,-0.15,3.355024144819163,-0.7900128012109471,16.69003406000988,1595
30bp_WBTC_USDT,-0.14,2.973915562952908,-0.8131278331106531,14.992222893941962,1607
30bp_WBTC_USDT,-0.13,3.31226357936792,-0.6459945009483445,13.15656045804407,1623
30bp_WBTC_USDT,-0.12,3.8215535549560435,-0.6145449898149896,13.447937700267087,1634
30bp_WBTC_USDT,-0.11,3.2149443637368327,-0.761112480717294,13.77587277862986,1635
30bp_WBTC_USDT,-0.1,2.8537101815252743,-0.7791855175560092,12.743999192018045,1637
30bp_WBTC_USDT,-0.09,3.3785971708482125,-0.813626743708051,12.583476025987808,1637
30bp_WBTC_USDT,-0.08,3.613746576400771,-0.6400320753814819,14.719491168459982,1631
30bp_WBTC_USDT,-0.07,3.67719424446245,-0.9387591131675272,15.60529758238866,1629
30bp_WBTC_USDT,-0.06,3.759632879241108,-1.176779023883559,17.569662441346708,1634
30bp_WBTC_USDT,-0.05,3.6381226746554933,-1.3054993181243182,18.741857749678147,1634
30bp_WBTC_USDT,-0.04,3.298334602490253,-1.4137328655435566,19.204677829708494,1636
30bp_WBTC_USDT,-0.03,2.5452561480546394,-1.5034884123457015,15.317450640652444,1637
30bp_WBTC_USDT,-0.02,0.9748805223018039,-1.6293249266144554,10.342044179746308,1641
30bp_WBTC_USDT,-0.01,-0.36584026858323604,-3.2900299727396276,5.850717044252133,1640
30bp_WBTC_USDT,0.0,-1.4410004676010018,-5.722334804679389,3.8181502721956244,1641
30bp_WBTC_USDT,0.01,-1.9535814819552466,-10.194154712316523,1.5732528337585747,1640
30bp_WBTC_USDT,0.02,-2.2394180048408145,-14.212326029530027,1.4453174239889979,1640
30bp_WBTC_USDT,0.03,-2.3937486779467068,-14.67060964348347,1.1018251971401232,1641
30bp_WBTC_USDT,0.04,-2.990581086521725,-12.42143721264651,1.0782439922478655,1641
30bp_WBTC_USDT,0.05,-2.975605375070253,-11.252592065301233,0.07642516418520437,1640
30bp_WBTC_USDT,0.06,-3.4230580126009293,-12.503383777871136,-0.8971988220116232,1636
30bp_WBTC_USDT,0.07,-3.7298816479324346,-11.85372191484831,-1.2997848229402558,1631
30bp_WBTC_USDT,0.08,-3.887260918092794,-13.945815819909752,-1.5764975545964965,1626
30bp_WBTC_USDT,0.09,-4.1255016134155245,-20.774395557632758,-1.5442891454313648,1610
30bp_WBTC_USDT,0.1,-4.975871388654132,-22.248598407708435,-1.5847374175708355,1604
30bp_WBTC_USDT,0.11,-5.5498301886393815,-21.68148212040553,-1.615466441352235,1604
30bp_WBTC_USDT,0.12,-5.602619710009855,-19.342673941427762,-1.644715133406826,1599
30bp_WBTC_USDT,0.13,-4.914189016804409,-16.852089679540804,-1.6336560802006916,1595
30bp_WBTC_USDT,0.14,-4.589383757853145,-14.954959572008791,-1.7079668214733161,1576
30bp_WBTC_USDT,0.15,-3.9217028590608947,-13.165691141152488,-1.5774745686678608,1542
30bp_WBTC_USDT,0.16,-3.2206688721721632,-13.090372147076266,-1.5233134595219795,1533
30bp_WBTC_USDT,0.17,-2.431065930660655,-11.60084117878958,-1.4544421947060138,1531
30bp_WBTC_USDT,0.18,-2.3379499653390545,-11.880900593965706,-1.3590015454947553,1544
30bp_WBTC_USDT,0.19,-2.1651064739347543,-11.853902072236933,-1.3894301704523717,1544
30bp_WBTC_USDT,0.2,-2.0864066347863854,-13.090368770265606,-1.4361374806807512,1534
30bp_WBTC_USDT,0.21,-2.0901456843829647,-13.260714658167453,-1.4810812952057444,1481
30bp_WBTC_USDT,0.22,-2.127939109856854,-8.783842648153206,-1.5007235689442764,1448
30bp_WBTC_USDT,0.23,-2.188068015584727,-7.158603315178391,-1.514456587201018,1407
30bp_WBTC_USDT,0.24,-2.2435408060502047,-8.728251034681248,-1.5240666226477109,1392
30bp_WBTC_USDT,0.25,-2.372585103210736,-8.780221275764251,-1.586883994508411,1412
30bp_WBTC_USDT,0.26,-2.390650300258916,-12.77453538951478,-1.5732021539548002,1355
30bp_WBTC_USDT,0.27,-2.4747666906530164,-17.385100366370942,-1.6100923004034196,1310
30bp_WBTC_USDT,0.28,-2.660399917072447,-19.569363219451628,-1.6174571364338681,1273
30bp_WBTC_USDT,0.29,-3.368557737803857,-20.368114216465553,-1.6214369345923811,1208
30bp_WBTC_USDT,0.3,-2.6432905735506558,-15.562412429921238,-1.576975088834723,1149
30bp_WBTC_USDT,0.31,-2.3047407929197727,-14.872498887269346,-1.542414561443092,1089
30bp_WBTC_USDT,0.32,-2.341517401452353,-18.554568585580622,-1.5547915055039365,1026
30bp_WBTC_USDT,0.33,-2.373998518878308,-16.54895176859992,-1.558694118543627,998
30bp_WBTC_USDT,0.34,-2.5179658784179995,-17.378900269963843,-1.563656742122458,985
30bp_WBTC_USDT,0.35,-3.8839139380916734,-24.424977285691583,-1.5730492639791318,969
30bp_WBTC_USDT,0.36,-4.202901275842234,-33.01353276595327,-1.633119902351856,950
30bp_WBTC_USDT,0.37,-5.019245831442378,-29.720069618537984,-1.7230357950100288,903
30bp_WBTC_USDT,0.38,-8.026050483152154,-36.17144263174005,-1.980491312003536,880
30bp_WBTC_USDT,0.39,-7.985286987166815,-42.525117348812984,-2.0951626551501668,849
30bp_WBTC_USDT,0.4,-8.906723147258269,-46.000950224736584,-2.398846268542906,807
30bp_WBTC_USDT,0.41,-7.203598752799472,-35.052363503334064,-2.338448595562162,786
30bp_WBTC_USDT,0.42,-7.19843381323214,-30.165253724562838,-2.3621666600410984,762
30bp_WBTC_USDT,0.43,-6.3001312653936115,-25.50983846282174,-2.2743502045786674,724
30bp_WBTC_USDT,0.44,-5.663354516374099,-15.431477246413728,-2.109703463758781,704
30bp_WBTC_USDT,0.45,-3.2315839402892936,-8.993474065749206,-1.9461948311774009,733
30bp_WBTC_USDT,0.46,-2.8080260335813634,-7.4074560100198585,-1.598494925876878,744
30bp_WBTC_USDT,0.47,-2.9735308302837575,-6.647226896544507,-1.5879927810988483,717
30bp_WBTC_USDT,0.48,-3.0539043113668924,-7.360119447360116,-1.5879098811534191,695
30bp_WBTC_USDT,0.49,-2.9379508504087593,-6.419991974675185,-1.9258478110912636,664
30bp_WBTC_USDT,0.5,-3.184969447001051,-6.93559264730016,-2.3171752035938478,689
1bp_USDC_USDT,-0.5,,,,0
1bp_USDC_USDT,-0.49,,,,0
1bp_USDC_USDT,-0.48,,,,0
1bp_USDC_USDT,-0.47,,,,0
1bp_USDC_USDT,-0.46,,,,0
1bp_USDC_USDT,-0.45,,,,0
1bp_USDC_USDT,-0.44,,,,0
1bp_USDC_USDT,-0.43,,,,0
1bp_USDC_USDT,-0.42,,,,0
1bp_USDC_USDT,-0.41,,,,0
1bp_USDC_USDT,-0.4,,,,0
1bp_USDC_USDT,-0.39,,,,0
1bp_USDC_USDT,-0.38,,,,0
1bp_USDC_USDT,-0.37,,,,0
1bp_USDC_USDT,-0.36,,,,0
1bp_USDC_USDT,-0.35,,,,0
1bp_USDC_USDT,-0.34,,,,0
1bp_USDC_USDT,-0.33,,,,0
1bp_USDC_USDT,-0.32,,,,0
1bp_USDC_USDT,-0.31,,,,0
1bp_USDC_USDT,-0.3,,,,0
1bp_USDC_USDT,-0.29,,,,0
1bp_USDC_USDT,-0.28,,,,0
1bp_USDC_USDT,-0.27,,,,0
1bp_USDC_USDT,-0.26,,,,0
1bp_USDC_USDT,-0.25,,,,0
1bp_USDC_USDT,-0.24,-1.4802736985501848,-1.4802736985501848,-1.4797040515628967,5
1bp_USDC_USDT,-0.23,-1.4401016289196968,-1.4401016289196968,-1.4398712269646567,5
1bp_USDC_USDT,-0.22,-1.4338540625061629,-1.4339629055832608,-1.4338540625061629,5
1bp_USDC_USDT,-0.21,-1.4615309993097547,-1.4619790874190204,-1.4615309993097547,5
1bp_USDC_USDT,-0.2,,,,0
1bp_USDC_USDT,-0.19,,,,0
1bp_USDC_USDT,-0.18,,,,0
1bp_USDC_USDT,-0.17,,,,0
1bp_USDC_USDT,-0.16,,,,0
1bp_USDC_USDT,-0.15,,,,0
1bp_USDC_USDT,-0.14,,,,0
1bp_USDC_USDT,-0.13,,,,0
1bp_USDC_USDT,-0.12,-1.4819586991422615,-1.483350316667252,-1.3500347542417932,377
1bp_USDC_USDT,-0.11,1.2492669912426053,-0.4316759115151715,2.586628249038093,1641
1bp_USDC_USDT,-0.1,1.250280186044825,0.774308817155801,1.6099000132523047,1641
1bp_USDC_USDT,-0.09,0.4683480124989272,0.2663395848227686,0.9581628670800475,1641
1bp_USDC_USDT,-0.08,-0.36676141337742224,-0.5208205517998806,-0.1387742934343626,1641
1bp_USDC_USDT,-0.07,-1.1671779293344555,-1.2415112396344994,-1.1276312666050936,767
1bp_USDC_USDT,-0.06,-1.1257713742066868,-1.2145656103394815,-0.739476268218308,809
1bp_USDC_USDT,-0.05,-1.28422095725401,-1.3420521526356275,-0.7933808869747954,809
1bp_USDC_USDT,-0.04,15.695133969599095,7.2170176911326145,99.46684533173647,894
1bp_USDC_USDT,-0.03,151.86267151482974,55.4257839121111,161.49366178762114,1500
1bp_USDC_USDT,-0.02,243.0957402688529,166.0887130236692,257.5966739781455,1641
1bp_USDC_USDT,-0.01,197.4767730358414,148.92612979428182,204.44267391749796,1641
1bp_USDC_USDT,0.0,-1.4811462464344134,-3.149297357617189,1.7300272598595317,1641
1bp_USDC_USDT,0.01,-50.75671960769158,-55.131745191938,-48.45415445495272,1641
1bp_USDC_USDT,0.02,-117.65572126821843,-120.80899227760477,-92.84316239141798,1641
1bp_USDC_USDT,0.03,-184.4915325300915,-195.43357201163462,-91.24236745310824,1622
1bp_USDC_USDT,0.04,-202.20708203792807,-209.4436425775851,-190.59991486848017,1641
1bp_USDC_USDT,0.05,-115.5627535047021,-151.39054144676342,-109.590516574002,1641
1bp_USDC_USDT,0.06,-2.018088273292258,-101.7005733495611,-1.8855727698764473,819
1bp_USDC_USDT,0.07,-2.96135476995588,-5.534700471605741,-2.4246787830485155,7
1bp_USDC_USDT,0.08,-2.53521318814484,-2.8369545956991966,-2.3868659889826382,1641
1bp_USDC_USDT,0.09,-3.3773371775130774,-3.9239495656282264,-3.206338178329733,1641
1bp_USDC_USDT,0.1,-3.3523739645982054,-3.8262434661685507,-3.173444348803111,1641
1bp_USDC_USDT,0.11,-2.3231094893003603,-2.469793914615373,-2.2180578179444383,1641
1bp_USDC_USDT,0.12,-1.7353893270196228,-1.867995196879531,-1.5894899824226374,266
1bp_USDC_USDT,0.13,,,,0
1bp_USDC_USDT,0.14,,,,0
1bp_USDC_USDT,0.15,,,,0
1bp_USDC_USDT,0.16,,,,0
1bp_USDC_USDT,0.17,-1.5420002729802116,-1.542417258535965,-1.5420002729802116,5
1bp_USDC_USDT,0.18,-1.5669065139890925,-1.5669842608667341,-1.5669065139890925,5
1bp_USDC_USDT,0.19,-1.5578888871803753,-1.5578888871803753,-1.5576273953798057,5
1bp_USDC_USDT,0.2,-1.5149473925539243,-1.5149473925539243,-1.514346662075198,5
1bp_USDC_USDT,0.21,,,,0
1bp_USDC_USDT,0.22,,,,0
1bp_USDC_USDT,0.23,,,,0
1bp_USDC_USDT,0.24,,,,0
1bp_USDC_USDT,0.25,-1.7755748496774753,-1.7755748496774753,-1.7755748496774753,2
1bp_USDC_USDT,0.26,-1.9245339025250228,-1.9245339025250228,-1.9245339025250228,2
1bp_USDC_USDT,0.27,-1.8591530213826524,-1.8591530213826524,-1.8591530213826524,2
1bp_USDC_USDT,0.28,-1.5794322062502903,-1.5794322062502903,-1.5794322062502903,2
1bp_USDC_USDT,0.29,,,,0
1bp_USDC_USDT,0.3,,,,0
1bp_USDC_USDT,0.31,,,,0
1bp_USDC_USDT,0.32,,,,0
1bp_USDC_USDT,0.33,,,,0
1bp_USDC_USDT,0.34,,,,0
1bp_USDC_USDT,0.35,,,,0
1bp_USDC_USDT,0.36,,,,0
1bp_USDC_USDT,0.37,,,,0
1bp_USDC_USDT,0.38,,,,0
1bp_USDC_USDT,0.39,,,,0
1bp_USDC_USDT,0.4,,,,0
1bp_USDC_USDT,0.41,,,,0
1bp_USDC_USDT,0.42,,,,0
1bp_USDC_USDT,0.43,,,,0
1bp_USDC_USDT,0.44,,,,0
1bp_USDC_USDT,0.45,,,,0
1bp_USDC_USDT,0.46,,,,0
1bp_USDC_USDT,0.47,,,,0
1bp_USDC_USDT,0.48,,,,0
1bp_USDC_USDT,0.49,,,,0
1bp_USDC_USDT,0.5,,,,0
